"Date","Actual_Return","Actual_Variance","Actual_Volatility","FC_Var_Baseline","FC_Var_VIX","FC_Var_FearOrth","FC_Var_FearScaled","FC_Var_Both","FC_Vol_Baseline","FC_Vol_VIX","FC_Vol_FearOrth","FC_Vol_FearScaled","FC_Vol_Both","VIX_Value"
2021-06-02,0.0068744045320433,4.72574376701775e-05,0.0068744045320433,9.67455457549429e-05,9.93770227538671e-05,9.6600987791297e-05,9.78296656397109e-05,0.000104429136787112,0.00983593136184586,0.00996880247341009,0.0098285801513391,0.00989088801067482,0.0102190575292985,-0.0116260632552716
2021-06-03,-0.0093460848751973,8.73493024943917e-05,0.0093460848751973,8.5423684307489e-05,9.46740746573599e-05,8.52892993831676e-05,8.68220485353191e-05,9.9339720527141e-05,0.00924249340316178,0.00973006036247257,0.00923522059201444,0.00931783497038443,0.009966931349575,0.0649186779701382
2021-06-04,0.0190342780377356,0.000362303740417824,0.0190342780377356,0.000103787511315329,0.000116173979089421,0.000103653945932082,0.00010578843899122,0.000120893499075127,0.0101876155853727,0.0107784033645722,0.010181058193139,0.0102853506985042,0.0109951579831818,-0.156513895123976
2021-06-07,-0.000214301729172,4.59252311261092e-08,0.000214301729172,9.13186889331761e-05,0.000100087836517364,9.14967705158284e-05,9.3271146338434e-05,0.00010346272019833,0.00955608125400659,0.0100043908618848,0.0095653944255231,0.00965769881174775,0.0101716626073779,-0.156513895123976
2021-06-08,7.13636179645013e-05,5.09276596898329e-09,7.13636179645013e-05,8.12345806523112e-05,9.2391550211104e-05,8.13365250210197e-05,8.31740489102706e-05,9.52959739296596e-05,0.00901302283655773,0.00961205234125907,0.00901867645616693,0.00911998075163926,0.00976196567959853,-0.0676675905075781
2021-06-09,0.0007142603080321,5.1016778763011e-07,0.0007142603080321,7.26401366194409e-05,8.9988246908965e-05,7.26830525127505e-05,7.4586254666256e-05,9.26790726772218e-05,0.00852291831589631,0.00948621351799362,0.00852543562011646,0.00863633340407004,0.00962699707474879,0.0444154639970347
2021-06-10,0.0073250551611376,5.36564331137086e-05,0.0073250551611376,6.52585672955789e-05,8.23439300327002e-05,6.52558951399815e-05,6.72900568245359e-05,8.48173905694752e-05,0.00807827749557905,0.00907435562630759,0.00807811210246438,0.00820305167754879,0.00920963574575429,-0.200253598276099
2021-06-11,0.0059339648182223,3.52119384639e-05,0.0059339648182223,5.90651607319124e-05,7.59518603516235e-05,5.90705547875937e-05,6.11244144740792e-05,7.81491055226025e-05,0.00768538617975131,0.00871503645153728,0.00768573710112398,0.00781821043935754,0.00884019827394174,-0.261762718777019
2021-06-14,0.0100922307288893,0.000101853121085137,0.0100922307288893,5.38805077466802e-05,7.42969651102326e-05,5.3879045093553e-05,5.59057050139804e-05,7.62464782133284e-05,0.00734033430755577,0.00861956873110439,0.0073402346756458,0.00747701177035187,0.00873192293903974,-0.160614590060436
2021-06-15,-0.0061554302981998,3.78893221559961e-05,0.0061554302981998,4.95403077297305e-05,7.5307091508106e-05,4.9597337010232e-05,5.1665521116352e-05,7.74362514000319e-05,0.00703848760244205,0.00867796586234966,0.00704253768255676,0.00718787319840521,0.00879978700878788,-0.0745018213591489
2021-06-16,-0.0054167983281093,2.93417041274077e-05,0.0054167983281093,5.91620029045701e-05,9.39950281474826e-05,5.91943156195184e-05,6.18409888812769e-05,9.74331974143429e-05,0.0076916840096672,0.00969510330772616,0.00769378421971388,0.00786390417548923,0.0098708255690364,0.0799540379854341
2021-06-17,0.011502230737258,0.000132301311933123,0.011502230737258,6.46026069141341e-05,0.000101834432334517,6.46074352599894e-05,6.76995122571713e-05,0.000105650028694978,0.00803757469104544,0.0100913047885056,0.00803787504630355,0.00822797133303048,0.0102786199800838,0.0252794090452799
2021-06-18,-0.0091770246082365,8.42177806601783e-05,0.0091770246082365,5.85160406973073e-05,0.000104971887097073,5.8602314786175e-05,6.22310393494411e-05,0.000110041071040803,0.00764957781170355,0.0102455789049264,0.00765521487524517,0.0078886652451122,0.0104900462840163,0.428505286308651
2021-06-21,0.0106597332990662,0.000113629914007221,0.0106597332990662,8.03553057776259e-05,0.000126614043845339,8.04186698818055e-05,8.48620466096397e-05,0.00013238209707415,0.00896411210202248,0.0112522906043765,0.00896764572682292,0.00921205984618205,0.0115057419175884,0.0444154639970347
2021-06-22,0.0090278275840866,8.15016708879949e-05,0.0090278275840866,7.17030119899401e-05,0.000107543923402862,7.18126979337874e-05,7.63973882491872e-05,0.000112589826700198,0.00846776310426432,0.0103703386349175,0.00847423730690777,0.00874055995055164,0.0106108353441281,-0.123709117759884
2021-06-23,-0.0011067222804414,1.22483420602541e-06,0.0011067222804414,6.4459963972141e-05,9.42470540696003e-05,6.45820986788971e-05,6.93515521132415e-05,9.93051740269106e-05,0.00802869628097495,0.0097080921951535,0.00803629881717306,0.00832775792835272,0.00996519814288259,-0.170182617536314
2021-06-24,0.0062782995775519,3.94170455854884e-05,0.0062782995775519,5.95041309254437e-05,8.58964822721803e-05,5.95731371715236e-05,6.45182949391959e-05,9.10678140801583e-05,0.00771389207374874,0.00926803551310526,0.00771836363301986,0.008032328114513,0.00954294577581568,-0.218022885270298
2021-06-25,-0.001169346933642,1.36737225121795e-06,0.001169346933642,5.42479805118818e-05,7.81226479690922e-05,5.43032582007095e-05,5.92117295969435e-05,8.2971084443521e-05,0.00736532283826594,0.00883870171287006,0.00736907444667982,0.00769491582780108,0.00910884649357541,-0.26586328335888
2021-06-28,0.0104112533189086,0.000108394195670485,0.0104112533189086,5.10240352890339e-05,7.49835745778904e-05,5.10421230464974e-05,5.60037648049939e-05,7.99508218384734e-05,0.00714311103714858,0.00865930566372907,0.0071443770229809,0.00748356631593479,0.00894152234457161,-0.246727098052528
2021-06-29,0.0072648852402396,5.27785575538512e-05,0.0072648852402396,4.71490844674811e-05,7.24644391878072e-05,4.72300896484885e-05,5.22437176027261e-05,7.77881950319541e-05,0.0068665190939428,0.00851260472404347,0.00687241512486611,0.00722798157183083,0.00881976161990528,-0.211188524064129
2021-06-30,-0.001083189732448,1.17329999648077e-06,0.001083189732448,4.39052675206773e-05,7.02318565208709e-05,4.39886377113488e-05,4.91672806330949e-05,7.59452766890281e-05,0.00662610500374672,0.00838044488800391,0.00663239306067944,0.00701193843620257,0.00871465872475957,-0.23715907057665
2021-07-01,0.0016919820979103,2.86280341964894e-06,0.0016919820979103,4.22720417571724e-05,6.89208020906887e-05,4.23185432623609e-05,4.77099000112919e-05,7.49710992579626e-05,0.00650169529870267,0.00830185534026513,0.00650527042192412,0.00690723533776662,0.00865858529194941,-0.284999468665233
2021-07-02,0.0130974195230226,0.000171542398162054,0.0130974195230226,3.982257489868e-05,6.54745655383804e-05,3.98380997162333e-05,4.54126937430405e-05,7.16763014363407e-05,0.00631051304559938,0.00809163552925985,0.00631174300144052,0.00673889410386011,0.00846618576670396,-0.341040995917539
2021-07-06,0.0037964379249762,1.44129409181976e-05,0.0037964379249762,3.77720670736373e-05,6.77686069041934e-05,3.79173293007432e-05,4.37096445447578e-05,7.48498026074729e-05,0.00614589839434702,0.00823216902791685,0.00615770487281935,0.00661132698818912,0.00865157804146001,-0.15378009849967
2021-07-07,0.0054361440900939,2.95516625682628e-05,0.0054361440900939,3.60555355380231e-05,6.84463901279129e-05,3.61638123800864e-05,4.22931165216215e-05,7.59646289290581e-05,0.00600462617804165,0.00827323335388969,0.00601363553768321,0.00650331580977132,0.00871576898093668,-0.186584875863762
2021-07-08,-0.0094995314465084,9.0241097703202e-05,0.0094995314465084,3.46185848864885e-05,7.80667890560482e-05,3.47093879431402e-05,4.13887294990991e-05,8.68440459979994e-05,0.00588375601860652,0.00883554124296006,0.00589146738454353,0.00643340730088645,0.00931901529122039,0.196137787426506
2021-07-09,0.0091686655656066,8.40644282539402e-05,0.0091686655656066,6.20936956424363e-05,0.000105664450553992,6.21737924222704e-05,6.94103059452126e-05,0.000114511694931739,0.00787995530713444,0.0102793215026086,0.00788503598103842,0.00833128477158311,0.0107010137338356,-0.189318672488068
2021-07-12,0.0007936436210905,6.29870197297641e-07,0.0007936436210905,5.641576907815e-05,9.25543386356879e-05,5.6520213228604e-05,6.36448888281822e-05,0.000100193900729881,0.00751104314181126,0.0096205165472384,0.00751799263291765,0.00797777467895542,0.0100096903413582,-0.190685570800221
2021-07-13,0.0040889276327367,1.67193291857578e-05,0.0040889276327367,5.1668736800041e-05,8.73165883142902e-05,5.17253653945707e-05,5.88754854755725e-05,9.4710657542193e-05,0.00718809688304498,0.00934433455706131,0.00719203485771382,0.00767303626184397,0.00973194007082827,-0.0608330989468117
2021-07-14,0.0073443433790973,5.39393796700903e-05,0.0073443433790973,4.76887793584248e-05,8.13594231441151e-05,4.77180128886189e-05,5.49987915874894e-05,8.89211143165785e-05,0.00690570628961476,0.00901994585039817,0.00690782258664906,0.00741611701549331,0.00942979927233759,-0.16881571922416
2021-07-15,-0.0082660213726964,6.83271093338737e-05,0.0082660213726964,4.43570593870469e-05,7.97854766811813e-05,4.43979156803142e-05,5.18680186234029e-05,8.79155744385081e-05,0.00666010956269091,0.00893227164170354,0.0066631760955504,0.00720194547489794,0.00937633054230215,-0.0758687196713022
2021-07-16,-0.009930754187669,9.86198787359054e-05,0.009930754187669,6.38727658583718e-05,0.000107455044820014,6.39013294551054e-05,7.18373116641348e-05,0.000116542959417557,0.00799204390993767,0.0103660525186791,0.00799383071218708,0.00847568945066623,0.0107955064456262,0.120960205222445
2021-07-19,-0.0138681502067788,0.000192325590157779,0.0138681502067788,8.8999796587623e-05,0.000147733343498102,8.90155497955141e-05,9.79326079604848e-05,0.000158976296934864,0.00943397035121602,0.0121545606048965,0.00943480523357605,0.00989609053922228,0.0126085802902176,0.674541246893938
2021-07-20,0.0147327329250276,0.000217053419440192,0.0147327329250276,0.000136621730874835,0.000192480301918611,0.000136635148652986,0.000145931144531705,0.000202420939123084,0.0116885298850983,0.0138737270377722,0.0116891038430235,0.0120801963780274,0.0142274712835094,0.295919017830935
2021-07-21,0.0095930378134754,9.20263744907689e-05,0.0095930378134754,0.000118805020173939,0.000153718261036993,0.000118946187258189,0.000127254625482792,0.000160259287614633,0.0108997715652182,0.0123983168630663,0.0109062453327526,0.0112807191917356,0.0126593557345796,0.0471492606213412
2021-07-22,0.0073468197815611,5.39757609027375e-05,0.0073468197815611,0.000103890212858009,0.000128236685645397,0.000104025805703237,0.000111790381527113,0.00013389265213194,0.0101926548483704,0.0113241637945323,0.0101993041774053,0.010573097064111,0.0115711992521061,0.0170782798815559
2021-07-23,0.0098859533730739,9.77320740945912e-05,0.0098859533730739,9.14046607981803e-05,0.000110352247403716,9.15073184485455e-05,9.8836130134831e-05,0.000115770739793196,0.00956057847612687,0.0105048677956325,0.00956594576863916,0.00994163619002582,0.0107596812124336,-0.0498981731587811
2021-07-26,-0.0005178624285628,2.68181494916961e-07,0.0005178624285628,8.09526985632838e-05,0.000100175262166282,8.10747511375009e-05,8.80394237161978e-05,0.000105812647716386,0.00899737175864618,0.0100087592720717,0.00900415188329811,0.00938293257549034,0.010286527485813,0.0020426591570654
2021-07-27,-0.0094987658309002,9.02265523102772e-05,0.0094987658309002,7.27663286853522e-05,0.000100199664578462,7.28266771798555e-05,7.97809290144677e-05,0.000106807864945826,0.00853031820539845,0.0100099782506488,0.00853385476674261,0.00893201707423736,0.0103347890615061,0.245345083827241
2021-07-28,-0.0012428327204117,1.54463317092595e-06,0.0012428327204117,9.40239058274265e-05,0.000126786625314007,9.40600462980841e-05,0.000101336072585009,0.000134250326275334,0.00969659248537477,0.0112599567190112,0.0096984558718429,0.0100665819713053,0.0115866443060678,0.101823889561494
2021-07-29,0.0046362837885138,2.14951273676359e-05,0.0046362837885138,8.44045743667902e-05,0.000112525467504912,8.43874758651069e-05,9.1412457715985e-05,0.00011907932770425,0.0091871962190208,0.0106078021995563,0.00918626561041574,0.00956098623134585,0.010912347488247,0.0184451781937091
2021-07-30,-0.0006519307886606,4.25013753203632e-07,0.0006519307886606,7.50927536584982e-05,0.00010372901248884,7.50483785931091e-05,8.20826265849769e-05,0.000110601555626643,0.0086656075181431,0.0101847441052213,0.00866304672693788,0.00905994627936484,0.010516727420003,0.092255862085617
2021-08-02,-0.003591582007901,1.28994613194782e-05,0.003591582007901,6.79687163722145e-05,0.000102919159203534,6.78927883133019e-05,7.50357613189093e-05,0.000110404594573662,0.00824431418446765,0.0101449080431285,0.00823970802354683,0.00866231847249391,0.0105073590675137,0.259013545530383
2021-08-03,0.0063910520082288,4.08455457718854e-05,0.0063910520082288,6.67456168814338e-05,0.000102892906217004,6.66512047738267e-05,7.38363238178358e-05,0.000110307460500664,0.00816979907228041,0.0101436140609254,0.00816401891067302,0.0085928065157919,0.0105027358578927,0.0649186779701382
2021-08-04,0.0020131431182678,4.052745214629e-06,0.0020131431182678,6.03100064100042e-05,9.66901873129492e-05,6.02263315795935e-05,6.74210477076838e-05,0.000104026434335349,0.00776595173884078,0.00983311686663741,0.00776056258138503,0.00821103207323439,0.0101993349947607,0.0553503897850653
2021-08-05,0.0054993030845235,3.02423344154497e-05,0.0054993030845235,5.49225984861402e-05,9.04640769840356e-05,5.48210888801575e-05,6.20715081022944e-05,9.77758158101118e-05,0.0074109782408357,0.00951126053601917,0.00740412647651008,0.00787854733452141,0.00988816544208843,-0.0389632473707505
2021-08-06,-0.0008390329834319,7.03976347286635e-07,0.0008390329834319,5.04126670360438e-05,8.27792957633732e-05,5.03194173076214e-05,5.75682520525856e-05,8.995411251768e-05,0.00710018781695554,0.00909831279762205,0.00709361806891387,0.00758737451643093,0.00948441418948371,-0.193419367424528
2021-08-09,-0.0032340755676291,1.04592447771355e-05,0.0032340755676291,4.74747742644337e-05,8.07326810201179e-05,4.73700938456283e-05,5.46456304358175e-05,8.80491595835108e-05,0.0068901940658035,0.00898513667231155,0.00688259354063774,0.00739226828759736,0.00938345136842041,-0.11550798859616
2021-08-10,-0.0072167795537376,5.20819071272451e-05,0.0072167795537376,4.87704689697522e-05,8.37388736901393e-05,4.86612080689339e-05,5.59411780808568e-05,9.10637065204184e-05,0.00698358568142127,0.00915089469342421,0.00697575860168153,0.00747938353615168,0.00954273055893429,-0.105939700411087
2021-08-11,0.0001303415414257,1.69889174212275e-08,0.0001303415414257,6.27757026513548e-05,9.74124164260934e-05,6.26727091539482e-05,6.99483673677699e-05,0.000104418914900603,0.00792311192975051,0.00986977286598296,0.00791660970074616,0.008363514056171,0.0102185573786422,-0.190685570800221
2021-08-12,0.0057251426096801,3.27772579011747e-05,0.0057251426096801,5.67745495590618e-05,8.3592267272786e-05,5.66868033514199e-05,6.22768294502528e-05,8.83670166075215e-05,0.00753488882194434,0.00914288068787874,0.00752906390937279,0.00789156698319496,0.00940037321639527,-0.269963847940742
2021-08-13,0.0054344039536929,2.9532746331913e-05,0.0054344039536929,5.18962462708949e-05,7.55364922931471e-05,5.18170238311077e-05,5.69448716854553e-05,7.93958525839243e-05,0.00720390493211112,0.00869117324031383,0.00719840425588253,0.00754618259025418,0.00891043503898235,-0.289100033247095
2021-08-16,0.0045063709031704,2.03073787169408e-05,0.0045063709031704,4.78115820015816e-05,7.21190009000081e-05,4.77391640175797e-05,5.26164153382887e-05,7.60108674028499e-05,0.00691459196204531,0.00849229067448872,0.00690935337188507,0.00725371734618111,0.00871842115310163,-0.197519801651792
2021-08-17,-0.0083202780857696,6.92270274245378e-05,0.0083202780857696,4.4391441374335e-05,7.50071292732935e-05,4.43205287627689e-05,4.94440816527805e-05,8.04447284667578e-05,0.00666269025051706,0.0086606656368488,0.00665736650356347,0.00703164857290099,0.00896909853144438,0.0471492606213412
2021-08-18,-0.0138912981637748,0.000192968164674893,0.0138912981637748,6.40647695293165e-05,0.000111927021302605,6.40019660439018e-05,6.99178515992833e-05,0.000119966595637707,0.00800404707190784,0.0105795567630504,0.0080001228768002,0.00836168951823035,0.0109529263504192,0.547422571664835
2021-08-19,0.0097374313302671,9.48175689116673e-05,0.0097374313302671,0.000115673891928513,0.000174380209301149,0.000115632496548854,0.000122402912438686,0.000183263748445862,0.0107551797720221,0.0132053098903869,0.0107532551605946,0.0110635849722721,0.0135374941715911,0.561091294077172
2021-08-20,0.0127952673158481,0.000163718865684011,0.0127952673158481,0.000101213402173836,0.000144764017834974,0.000101193495965697,0.000107624206640788,0.000150982351307747,0.0100604871737822,0.0120317919627533,0.0100594977988813,0.0103742087235985,0.0122874875913568,0.13599556523774
2021-08-23,0.0128234799914479,0.000164441639091065,0.0128234799914479,8.91054565180525e-05,0.00012104182910063,8.91561350572431e-05,9.51319222994747e-05,0.000125678140409473,0.00943956866165253,0.0110019011584648,0.00944225264739528,0.00975355946818774,0.0112106262273556,-0.0567326647195474
2021-08-24,-0.0011416387437982,1.30333902134113e-06,0.0011416387437982,7.89673227132094e-05,0.00010549593745593,7.90817908089361e-05,8.46342629798327e-05,0.000109514722960645,0.00888635598618519,0.0102711215286321,0.00889279431950026,0.00919968820014204,0.010464928234854,-0.0471646372436701
2021-08-25,-0.0005714590288678,3.26565421674529e-07,0.0005714590288678,7.16423160397072e-05,9.5288998045894e-05,7.17087073986515e-05,7.70293800244932e-05,9.91897451975012e-05,0.00846417840311198,0.00976160837392558,0.00846809939706966,0.00877663830999621,0.00995940486161202,-0.105939700411087
2021-08-26,-0.0063060816924666,3.97666663120624e-05,0.0063060816924666,6.49652216875593e-05,9.381070688178e-05,6.49934741568414e-05,7.01698319696161e-05,9.82109692326671e-05,0.0080601006003374,0.0096855927480862,0.00806185302252785,0.00837674351819465,0.00991014476345664,0.174267935850445
2021-08-27,0.0096026242029966,9.22103915839761e-05,0.0096026242029966,7.25778993068367e-05,0.000100114471785247,7.25854717873027e-05,7.7412259354202e-05,0.000103593958275495,0.00851926635966012,0.0100057219522255,0.00851971078073092,0.00879842368576338,0.0101781117244553,-0.160614590060436
2021-08-30,0.0107022897617794,0.000114539006145088,0.0107022897617794,6.51285902243728e-05,8.86363450260752e-05,6.5162873157421e-05,6.95070262767062e-05,9.12549382850164e-05,0.00807022863519818,0.00941468772854815,0.00807235239304015,0.00833708739768909,0.00955274506542577,-0.187951774175915
2021-08-31,-0.0052740019124747,2.78150961727868e-05,0.0052740019124747,5.88911917266155e-05,8.18522581807127e-05,5.89656770376524e-05,6.29458401744843e-05,8.43215899424858e-05,0.00767405966399894,0.00904722378305702,0.00767891118829046,0.00793384145130745,0.00918267879991922,-0.148312765960252
2021-09-01,0.0002516610137456,6.33332658394631e-08,0.0002516610137456,6.38482649462237e-05,8.74402552591024e-05,6.38943116346668e-05,6.78781773248411e-05,9.03991278004524e-05,0.00799051093148765,0.00935094943089216,0.0079933917478544,0.00823882135531783,0.0095078455919547,-0.198886699963946
2021-09-02,-0.0010704450204992,1.14585254191153e-06,0.0010704450204992,5.79536716051691e-05,8.10400997772723e-05,5.79671327329399e-05,6.1826741195726e-05,8.40379558709746e-05,0.00761273089010567,0.00900222748975343,0.00761361495827967,0.00786299823195491,0.00916722181857593,-0.15788079343613
2021-09-03,0.0039615904830283,1.56941991552204e-05,0.0039615904830283,5.39701497510155e-05,7.78738569998164e-05,5.39592436945737e-05,5.77632541676275e-05,8.11106220701625e-05,0.00734643789540315,0.00882461653556778,0.0073456955895663,0.00760021408696015,0.00900614357370359,-0.15788079343613
2021-09-07,0.0002505739937435,6.27873263405676e-08,0.0002505739937435,4.95480867713715e-05,7.94899873750459e-05,4.95238297244349e-05,5.33926229879639e-05,8.34472320027681e-05,0.00703904018821966,0.00891571575225713,0.00703731694074062,0.00730702559102977,0.00913494564859409,0.0785871396732803
2021-09-08,-0.0038340889879749,1.47002383677104e-05,0.0038340889879749,4.59803619431058e-05,8.02283096013549e-05,4.59399519499425e-05,4.99983531440784e-05,8.48529432012103e-05,0.00678088209181562,0.00895702571177257,0.0067779017365216,0.0070709513606076,0.00921156573016826,0.053983491472912
2021-09-09,-0.0037857041096052,1.43315556054817e-05,0.0037857041096052,4.88838053753135e-05,8.96184247079453e-05,4.88354552742199e-05,5.32738254883424e-05,9.52432510351043e-05,0.00699169545784951,0.00946670083545188,0.00698823692172925,0.00729889207266023,0.00975926488190091,0.168800342601831
2021-09-10,-0.0099105326412364,9.82186572330121e-05,0.0099105326412364,5.11941134848183e-05,0.000101914790990483,5.11380285190519e-05,5.62910344039019e-05,0.000109343308992315,0.00715500618342279,0.0100952855824133,0.00715108582797409,0.00750273512819837,0.0104567351019481,0.462676961984896
2021-09-13,0.000319094681771,1.01821415934536e-07,0.000319094681771,7.81372289591337e-05,0.000132442422224854,7.8089648476286e-05,8.37081491396594e-05,0.000139701970874137,0.00883952651215741,0.011508363142726,0.00883683475438383,0.00914921576637361,0.0118195588273902,0.246711982139395
2021-09-14,-0.0012773940963061,1.63173567727768e-06,0.0012773940963061,6.98939087600603e-05,0.000119671484125745,6.98240121786343e-05,7.55875073114312e-05,0.000126204314383779,0.00836025769698879,0.0109394462440173,0.00835607636266174,0.00869410762018916,0.0112340693599327,0.259013545530383
2021-09-15,0.0087170707549319,7.5987322546489e-05,0.0087170707549319,6.4199529779633e-05,0.00010887507220807,6.41148884878245e-05,6.98379332837021e-05,0.000114560026844814,0.00801246090659,0.010434321837478,0.00800717731087707,0.00835690931407671,0.0107032717822549,0.0840547329218929
2021-09-16,0.0005701199648364,3.25036774305058e-07,0.0005701199648364,5.81132763589926e-05,0.000101654107021452,5.80623332742446e-05,6.37376482981291e-05,0.000107178074949873,0.00762320643554879,0.0100823661420052,0.00761986438686704,0.00798358618029073,0.0103526844320627,0.153764982586537
2021-09-17,-0.0156980409607311,0.000246428490004791,0.0156980409607311,5.30588025292467e-05,0.000103035950404924,5.29929525063308e-05,5.91692068136579e-05,0.000110241994396097,0.00728414734400992,0.0101506625598984,0.00727962584933668,0.00769215228747182,0.0104996187738459,0.443540646323946
2021-09-20,-0.018382266382534,0.00033790771735844,0.018382266382534,0.000121334716859526,0.000196030789478328,0.000121303551831951,0.000128550464370906,0.0002054351703642,0.011015203895504,0.0140010995810446,0.0110137891677638,0.0113380097182401,0.0143330098152551,1.11330543743651
2021-09-21,0.000393446598789,1.54800226098632e-07,0.000393446598789,0.000203752395425516,0.000280865098317884,0.000203741641186407,0.000211546835643728,0.000288547238052646,0.0142741863314697,0.0167590303513623,0.0142738096241475,0.0145446497257145,0.0169866782524614,0.928778597352144
2021-09-22,0.0136171422854194,0.000185426564021357,0.0136171422854194,0.000175049244590183,0.00022223202912673,0.000174966482168771,0.000181796530094247,0.000224943661298846,0.0132306176949598,0.0149074487799466,0.0132274896397151,0.0134831943579497,0.0149981219257228,0.451742036196865
2021-09-23,0.0133066730654162,0.000177067548069873,0.0133066730654162,0.000150929128654119,0.000176731302080525,0.00015091673324071,0.000156887530444485,0.000177468823727998,0.0122853216748329,0.0132940325740734,0.0122848171838538,0.0125254752582281,0.0133217425184545,0.145563592713617
2021-09-24,0.0007021251557596,4.92979734350443e-07,0.0007021251557596,0.000130733054573574,0.000143991277763592,0.000130782076592431,0.00013624584165573,0.00014487979454739,0.0114338556302576,0.0119996365679795,0.0114359991514704,0.0116724394046716,0.0120366022841743,0.0252794090452799
2021-09-27,-0.0097469043668443,9.50021447364085e-05,0.0097469043668443,0.000113841272646266,0.000125203505636546,0.000113833806745578,0.000119100180121095,0.000127251429148313,0.0106696425735011,0.0111894372350242,0.0106692927012796,0.0109133028969737,0.0112805775183859,0.163333010062414
2021-09-28,-0.030089041886035,0.000905350441619569,0.030089041886035,0.000129669618319304,0.000158090070362737,0.000129640390328441,0.000135426936854409,0.000163178896596592,0.0113872568390857,0.0125733873861715,0.0113859734027636,0.0116373079728264,0.0127741495449439,0.777056273922673
2021-09-29,-0.0012627642163619,1.59457346612408e-06,0.0012627642163619,0.000364849701729036,0.000414991516591031,0.000364928797707091,0.00037232446184327,0.000420516889325149,0.0191010392840033,0.0203713405693153,0.0191031096344834,0.0192957109701423,0.0205065084625625,0.682742376057662
2021-09-30,-0.0072064726547927,5.1933248124275e-05,0.0072064726547927,0.000311152579789119,0.000319188213089488,0.000311090116751074,0.000316818000902656,0.000317662715095962,0.0176395175611216,0.0178658392775007,0.0176377469295563,0.0177993820371005,0.0178230949920591,0.762020653198183
2021-10-01,0.0149559894925704,0.000223681621701876,0.0149559894925704,0.000282346893553083,0.000267207276210678,0.00028219527511806,0.000286719971754812,0.000263158929748581,0.0168031810545826,0.0163464759569357,0.0167986688495863,0.016932807556776,0.0162221740142492,0.483179915248804
2021-10-04,-0.0234303305450885,0.000548980389452107,0.0234303305450885,0.000240770789202057,0.000219061550616485,0.000240690412794617,0.000244456919431604,0.000216044054854562,0.0155167905573948,0.0148007280434607,0.015514200359497,0.0156351181457514,0.0146984371568736,0.737417004997815
2021-10-05,0.0141504880775303,0.000200236312832327,0.0141504880775303,0.000361436506090091,0.00034893693504328,0.000361377314723327,0.000365568411150635,0.000346910850304598,0.019011483532068,0.0186798537211425,0.0190099267416612,0.019119843387189,0.0186255429532832,0.510517099364283
2021-10-06,0.0065048371481916,4.23129063244934e-05,0.0065048371481916,0.000306993506766843,0.000267669795105428,0.000306946468499998,0.00030954409047365,0.000262122978648891,0.0175212301727602,0.0163606171981814,0.0175198877992982,0.0175938651374179,0.0161902124337172,0.469511192836467
2021-10-07,0.0090887071087293,8.26045969082665e-05,0.0090887071087293,0.000261407698670686,0.000209515891178817,0.000261281647098097,0.000262915569448159,0.00020372627226453,0.0161681074548225,0.0144746637673839,0.0161642088299458,0.0162146714258464,0.0142732712530986,0.269948732027609
2021-10-08,-0.0037440254911972,1.40177268787344e-05,0.0037440254911972,0.00022323813478693,0.000168693196743234,0.000223088448803937,0.000224182455970993,0.000164375828856659,0.014941155737992,0.0129881945143747,0.0149361457144719,0.0149727237325409,0.0128209137293977,0.164699908374567
2021-10-11,-0.0055432210900129,3.07273000527638e-05,0.0055432210900129,0.000197080106584563,0.000151558538651775,0.00019687854180442,0.000197876669962527,0.000149649672559315,0.0140385222364949,0.0123109113656047,0.014031341411441,0.0140668642547842,0.0122331382956016,0.332824490131486
2021-10-12,-0.0051746514571534,2.67770177030198e-05,0.0051746514571534,0.000180452412992776,0.000145455917464374,0.000180219966755844,0.000181449788021915,0.0001458694169638,0.0134332577207756,0.0120605106634991,0.0134246030390415,0.0134703299151103,0.0120776412003255,0.312321536867578
2021-10-13,0.0061008319390482,3.72201503485106e-05,0.0061008319390482,0.000165311588658622,0.00013660402026523,0.000165058289300259,0.000166524900892632,0.000138338511020509,0.012857355430205,0.011687772254165,0.0128475012862525,0.012904452754481,0.0117617392855185,0.146930491025771
2021-10-14,0.0222932055952803,0.000496987015713437,0.0222932055952803,0.00014277566227185,0.000114789446656881,0.00014252296270667,0.000143986022369102,0.000116715232960901,0.0119488770297401,0.0107139836968739,0.0119382981495132,0.0119994175845789,0.010803482445994,-0.0963716729352101
2021-10-15,0.007985651780983,6.3770634367117e-05,0.007985651780983,0.00012390606839549,9.86951637172582e-05,0.000123985325532821,0.000124891517406619,0.00010025366892648,0.0111313102730761,0.00993454396121222,0.0111348698031374,0.0111754873453742,0.0100126754130192,-0.17291641416062
2021-10-18,0.0084304266734531,7.10720938964695e-05,0.0084304266734531,0.000108106304974762,8.80398516574153e-05,0.000108163629995723,0.000108946241130035,8.95943305523899e-05,0.0103974181879331,0.00938295537969862,0.0104001745175609,0.01043773160845,0.00946542817586135,-0.171549515848467
2021-10-19,0.0098729373571482,9.74748920581725e-05,0.0098729373571482,9.48769663791484e-05,7.92091797651606e-05,9.49262903068745e-05,9.54856942914722e-05,8.03750880030421e-05,0.00974048080841744,0.00889995391927175,0.00974301238359443,0.00977167817170992,0.00896521544654907,-0.25492835757085
2021-10-20,-0.0027747837972971,7.69942512174252e-06,0.0027747837972971,8.37998772621189e-05,7.27421230491425e-05,8.38649355698693e-05,8.42167312148364e-05,7.36364948368396e-05,0.00915422728918825,0.00852889928707934,0.00915778005686254,0.00917696743019372,0.00858117094788582,-0.28363257035308
2021-10-21,0.0038447330010714,1.47819718495275e-05,0.0038447330010714,7.8185920274501e-05,7.1159849827726e-05,7.82110932235759e-05,7.8421320132571e-05,7.16962893737206e-05,0.00884228026441715,0.00843562978251926,0.00884370359202387,0.00885558129839995,0.00846736614147048,-0.349242125081263
2021-10-22,-0.0034660174101574,1.20132766875142e-05,0.0034660174101574,6.99387967968342e-05,6.81651596900764e-05,6.99405505948142e-05,7.00581556719592e-05,6.86748796824747e-05,0.008362941874534,0.00825621945505789,0.00836304672920187,0.00837007500993624,0.00828703081220739,-0.291833699516804
2021-10-25,0.0032773327239901,1.07409097837364e-05,0.0032773327239901,6.80675567757652e-05,7.08798513612729e-05,6.80447739977283e-05,6.80876369507901e-05,7.11467351823232e-05,0.00825030646556631,0.00841901724438624,0.0082489256268758,0.00825152331092812,0.00843485241022765,-0.317804246029325
2021-10-26,0.0028274297578942,7.99435903582565e-06,0.0028274297578942,6.14104587770485e-05,6.92702678713705e-05,6.1367185414744e-05,6.1272847270619e-05,6.92168055258928e-05,0.00783648255131398,0.00832287617782282,0.00783372104524689,0.00782769744373267,0.00831966378683014,-0.216656117312743
2021-10-27,-0.0008785770865377,7.71897696989073e-07,0.0008785770865377,5.58326365908759e-05,7.13723696723481e-05,5.57731826936556e-05,5.58400667849586e-05,7.18071242014538e-05,0.00747212396784716,0.00844821695225378,0.00746814452817135,0.00747262114555252,0.00847390843716486,-0.079969414607762
2021-10-28,0.009997402483332,9.99480564137328e-05,0.009997402483332,5.20463420231397e-05,7.23757327896531e-05,5.19738407174941e-05,5.19892338233752e-05,7.23875983618253e-05,0.00721431507650863,0.00850739283151149,0.00720928850286171,0.00721035601224899,0.00850809017123263,-0.141478274399486
2021-10-29,0.004281009836846,1.83270452231722e-05,0.004281009836846,4.79866698939007e-05,7.11179049873215e-05,4.79691633622267e-05,4.79090182963367e-05,7.06784125280528e-05,0.00692724114593253,0.00843314324480033,0.00692597743009798,0.00692163407703244,0.00840704541013386,-0.178383746700038
2021-11-01,-0.00148701164895,2.211203644113e-06,0.00148701164895,4.45851671660125e-05,7.07758130512223e-05,4.45583525138452e-05,4.44503556289594e-05,7.00115895667138e-05,0.00667721252964233,0.00841283620732166,0.00667520430502656,0.00666710999076507,0.00836729284576044,-0.15788079343613
2021-11-02,0.0087654667912964,7.683340806932e-05,0.0087654667912964,4.32999184132687e-05,7.11765986710139e-05,4.32596107690024e-05,4.30809201484204e-05,7.00060638905742e-05,0.00658026735120001,0.00843662246820455,0.00657720387163135,0.00656360572767899,0.00836696264426788,-0.209821625751976
2021-11-03,0.0058215879854641,3.38908866725e-05,0.0058215879854641,4.06582517594248e-05,6.66962044789648e-05,4.06542523496114e-05,4.02325367347857e-05,6.471140865719e-05,0.00637638234106337,0.00816677442317129,0.0063760687221525,0.00634291232280454,0.00804434016294624,-0.336940300981079
2021-11-04,0.0155211891553219,0.000240907312795282,0.0155211891553219,3.84448622406284e-05,6.48669491316842e-05,3.84422302954831e-05,3.78539754162387e-05,6.25661579021584e-05,0.00620039210378089,0.00805400205684628,0.00620017985993012,0.00615255844476415,0.00790987723685762,-0.290466931559248
2021-11-05,0.0051604682214357,2.66304322644477e-05,0.0051604682214357,3.65903195973932e-05,6.69526963549726e-05,3.67414981919415e-05,3.59505382177243e-05,6.45241408502753e-05,0.00604899327139593,0.00818246273165803,0.00606147656862101,0.00599587676805688,0.00803269200519199,-0.148312765960252
2021-11-08,0.0053720821803596,2.88592669525372e-05,0.0053720821803596,3.50364397105591e-05,7.06277199767891e-05,3.51604677936174e-05,3.42232504356926e-05,6.80257050754412e-05,0.0059191586995585,0.00840402998428665,0.00592962627773601,0.00585006413945117,0.00824776970310406,-0.0471646372436701
2021-11-09,-0.0041161980374924,1.69430862838563e-05,0.0041161980374924,3.37344811908011e-05,7.47649277320035e-05,3.38378148446363e-05,3.26696324221538e-05,7.16798924215279e-05,0.00580813921930261,0.00864667148283104,0.00581702800789513,0.00571573551016435,0.00846639784214797,0.0293801039817398
2021-11-10,-0.0166357693080262,0.000276748820469867,0.0166357693080262,3.9331616946972e-05,8.7861594591083e-05,3.94087354737736e-05,3.8300741012229e-05,8.49282103442763e-05,0.00627149240189063,0.00937345158365279,0.00627763773037069,0.00618875924658804,0.00921565029416136,0.159232315125954
2021-11-11,0.0046691938444917,2.18013711574392e-05,0.0046691938444917,0.000117329383599774,0.000171888236973592,0.000117437391064809,0.000117086164450287,0.000168721873757539,0.0108318688876746,0.0131106154307718,0.0108368533747029,0.0108206360464756,0.0129892984320762,0.012977584945096
2021-11-12,0.0120861461596151,0.000146074928991579,0.0120861461596151,0.000102685757718418,0.000135577261241936,0.000102740351727327,0.000101372046516379,0.000128965623692301,0.0101333981328288,0.0116437649083935,0.0101360915409899,0.0100683686124605,0.0113563032582043,-0.174283051763578
2021-11-15,-0.0010164293735023,1.03312867131828e-06,0.0010164293735023,9.04162179521034e-05,0.000112719821719775,9.05201847316729e-05,8.85538809838549e-05,0.000105526257990209,0.00950874428892182,0.0106169591559813,0.00951420962201658,0.00941030716734873,0.0102725974315267,-0.146945867648099
2021-11-16,0.0104747853683546,0.000109721128513096,0.0104747853683546,8.11598760653805e-05,9.87704770204445e-05,8.12114572696484e-05,7.88692127011073e-05,9.18815432263098e-05,0.0090088776251751,0.00993833371448375,0.00901173996904307,0.00888083400932071,0.00958548607146815,-0.163348125975547
2021-11-17,-0.0030238021457166,9.14337941644032e-06,0.0030238021457166,7.23801993574655e-05,9.08618339537609e-05,7.24628737294177e-05,6.9994182950847e-05,8.49869781416465e-05,0.008507655338427,0.00953214739467246,0.00851251277411187,0.00836625262293979,0.00921883822081972,-0.062199997258965
2021-11-18,0.0099274196434859,9.85536607778697e-05,0.0099274196434859,6.91503336178357e-05,9.18938368453531e-05,6.91935977695695e-05,6.67279811912689e-05,8.68986878664155e-05,0.00831566795981151,0.00958612731218155,0.00831826891664182,0.00816871967882782,0.00932194657066943,0.0034095574692187
2021-11-19,0.0072646082731629,5.27745333625068e-05,0.0072646082731629,6.23176926806748e-05,8.89285440125056e-05,6.23897370164355e-05,6.02317421942708e-05,8.52633773770993e-05,0.00789415560276555,0.00943019321183323,0.00789871742857253,0.00776091117036336,0.0092338170534779,0.0471492606213412
2021-11-22,-0.0112120231563922,0.000125709463259475,0.0112120231563922,5.65927866437095e-05,9.09709965977004e-05,5.66587258837977e-05,5.49155361187728e-05,8.8564321381129e-05,0.00752281773298473,0.00953787170167959,0.00752719907294857,0.00741050174541325,0.00941086188301205,0.21937453731472
2021-11-23,-0.002304912320128,5.31262080347784e-06,0.002304912320128,9.01079170930338e-05,0.000134530506441495,9.01694051275518e-05,8.92136184256441e-05,0.000132985744726751,0.00949251900672492,0.0115987286562578,0.00949575721717609,0.00944529610047478,0.0115319445336314,0.248078619742352
2021-11-24,0.0072512540011386,5.25806845890286e-05,0.0072512540011386,8.26540263977786e-05,0.000121768756712026,8.26717707446652e-05,8.18539265591249e-05,0.0001195605601092,0.00909142598263763,0.0110348881603769,0.00909240181385893,0.00904731598647493,0.0109343751586087,0.138729361862046
2021-11-26,-0.0252815888742957,0.000639158736008912,0.0252815888742957,7.3632111100001e-05,0.000141915283105855,7.36448520820877e-05,7.40198960273816e-05,0.000143374564611684,0.0085809155164237,0.0119128201155669,0.00858165788656759,0.00860348162242366,0.0119739118341369,1.51106398216047
2021-11-29,0.0246940730038305,0.00060979724151851,0.0246940730038305,0.000243888189656455,0.000328342681949828,0.000244000307503735,0.000246914935678261,0.000330276831366387,0.0156169199798313,0.0181202285291833,0.0156205091947649,0.0157135271558699,0.018173520059867,0.737417004997815
2021-11-30,-0.0083810714605563,7.02423588269513e-05,0.0083810714605563,0.000208726343822502,0.000271033319428896,0.000209180276254422,0.000211219860449114,0.000268812143948838,0.0144473645978255,0.0164630896076312,0.0144630659354931,0.0145334049846935,0.0163954915738699,1.31560195557887
2021-12-01,-0.0137859664332305,0.000190052870498158,0.0137859664332305,0.000201846488760946,0.000270953584869497,0.000202164280985382,0.000204139506482372,0.000268491320795102,0.0142072688705798,0.0164606678135942,0.0142184486138742,0.0142877397261559,0.0163857047695576,1.85278073892292
2021-12-02,0.0091521730858399,8.37622721931722e-05,0.0091521730858399,0.000229702767762844,0.000297112347861312,0.000229934205435942,0.00023238064708184,0.000294530110562217,0.0151559482633996,0.0172369471734792,0.0151635815504103,0.0152440364432076,0.0171618795754491,1.41948388091976
2021-12-03,-0.0168735562940401,0.00028471690200814,0.0168735562940401,0.000196840712003021,0.000261771703067195,0.000196999682394748,0.00019907588121955,0.000258597929507686,0.0140299933001773,0.0161793604035263,0.014035657533395,0.0141094252618436,0.016080980365254,1.791271618422
2021-12-06,0.0094626294786115,8.95413566494873e-05,0.0094626294786115,0.000251477170063566,0.000316630399885789,0.00025159651007823,0.000254473874275896,0.000313960043740124,0.0158580317209787,0.0177941113823026,0.0158617940371898,0.0159522372812059,0.0177189176797039,1.31423505726672
2021-12-07,0.0343173804869184,0.00117768260348393,0.0343173804869184,0.00021508495959596,0.000246798872998166,0.000215146088546461,0.000216655251967714,0.000240206224675618,0.0146657751106431,0.0157098336400538,0.0146678590307673,0.0147192137007285,0.0154985878284319,0.591162274816958
2021-12-08,0.0045685855588496,2.08719740085291e-05,0.0045685855588496,0.000184592819942663,0.000195376654911836,0.000185458116976469,0.000185778951401686,0.000188045638124624,0.013586494026888,0.0139777199468238,0.0136183008109114,0.0136300752529722,0.0137129733509777,0.31915576771915
2021-12-09,-0.0108485244804097,0.000117690483402049,0.0108485244804097,0.000159044171765636,0.000167397110849277,0.000159707300176977,0.000159808780202453,0.000162010723803356,0.0126112716157268,0.0129382035402631,0.0126375353679812,0.012641549754775,0.0127283433251683,0.548789469976987
2021-12-10,0.0198669013380978,0.000394693768777712,0.0198669013380978,0.00017369833319017,0.00017937220764937,0.000174220033795581,0.000174502889396632,0.000175294194096382,0.0131794663469417,0.0133929909896695,0.0131992436827108,0.0132099541784456,0.0132398713776374,0.153764982586537
2021-12-13,-0.0149791815706305,0.000224375880525916,0.0149791815706305,0.000149915949344313,0.000153053531186094,0.000150573067720158,0.000150713365647756,0.000150161272252736,0.0122440168794523,0.0123714805575604,0.0122708218029665,0.0122765372010089,0.0122540308573439,0.375197294971456
2021-12-14,-0.0165631112044254,0.000274336652770162,0.0165631112044254,0.000195644169380483,0.000211957982355065,0.000196186141954136,0.000197340307112835,0.000211414500493039,0.0139872859905159,0.0145587768152089,0.014006646349292,0.0140477865556405,0.0145400997415093,0.591162274816958
2021-12-15,0.0261525510571779,0.000683955926798297,0.0261525510571779,0.000247641222817285,0.000256570877685126,0.000248079701882758,0.000249507111421187,0.000254632536476802,0.0157366204382416,0.0160178299930149,0.0157505460820493,0.0157957941054316,0.0159572095454312,0.235777056351364
2021-12-16,-0.0287525476928759,0.000826708998831103,0.0287525476928759,0.000211870921154824,0.000203803152452809,0.000212654352775104,0.000213030523020708,0.000199918678085154,0.014555786517905,0.0142759641514263,0.0145826730325789,0.0145955651833257,0.0141392601675319,0.410735868959854
2021-12-17,-0.0067084415952614,4.50031886370333e-05,0.0067084415952614,0.000409832266415255,0.000417657520001582,0.000410574204737376,0.000412859614348022,0.000414766812048678,0.0202443144219619,0.0204366709618172,0.0202626307457195,0.0203189471761709,0.0203658246100834,0.547422571664835
2021-12-20,-0.0119654453652419,0.000143171882788589,0.0119654453652419,0.000362996883338522,0.000331920838066077,0.00036347513742358,0.000363428219378541,0.000322899937043883,0.0190524770919301,0.0182186947410092,0.0190650239292685,0.0190637934152293,0.0179694167140696,0.725115441606827
2021-12-21,0.0249917952791203,0.00062458983127346,0.0249917952791203,0.000351719474984961,0.000300753110729432,0.000352015487135663,0.000350569232933681,0.000290120542667485,0.0187541855324341,0.0173422348827777,0.0187620757683062,0.0187234941432864,0.0170329252528004,0.470878091148621
2021-12-22,0.012992437760935,0.00016880343897177,0.012992437760935,0.000299075582183547,0.000226282601655437,0.000299654724467561,0.000296390860323081,0.0002147682413686,0.0172938018429594,0.0150426926331504,0.0173105379600855,0.0172160059341033,0.0146549732640015,0.145563592713617
2021-12-23,0.0055665754182414,3.09867618869694e-05,0.0055665754182414,0.000254966524473378,0.00017600885694362,0.000255453383824361,0.00025084648147647,0.000165179735100104,0.015967671228873,0.0132668329658446,0.0159829091164394,0.0158381337750529,0.0128522268537442,0.053983491472912
2021-12-27,0.0212255871279042,0.000450525548924252,0.0212255871279042,0.00021800860480214,0.000142611520967721,0.000218335091782469,0.000212831973262427,0.000133199318545924,0.0147651144527274,0.011942006572085,0.0147761663425419,0.0145887618824363,0.011541200914373,0.0157113815694026
2021-12-28,-0.0052218133064411,2.72673342073253e-05,0.0052218133064411,0.000187042460124905,0.000120569960583205,0.000187562459236294,0.000181340505653556,0.000112483032706155,0.0136763467389835,0.010980435354903,0.0136953444365702,0.0134662728939212,0.0106058018417352,-0.003424673382352
2021-12-29,0.0008536656391186,7.28745023411768e-07,0.0008536656391186,0.000171004019953218,0.000115391926405003,0.000171375427672504,0.000164975482032787,0.000108646761542083,0.0130768505364716,0.0107420634146798,0.0130910437961418,0.0128442781826301,0.0104233757268019,-0.0840698488350262
2021-12-30,-0.0066174521921181,4.37906735149686e-05,0.0066174521921181,0.000147662315335036,0.000102318588483936,0.000147906498957065,0.000141461971646767,9.66411034187274e-05,0.0121516383806891,0.0101152651217818,0.0121616815842656,0.0118937786950475,0.00983062070363451,-0.0321290165191796
2021-12-31,-0.0048769179184556,2.37843283833533e-05,0.0048769179184556,0.000142972468394467,0.0001098117209328,0.000143131476956516,0.000137070792786203,0.000105400685345371,0.011957109533431,0.0104791087852355,0.011963756807814,0.0117077236381033,0.0102664835920275,-0.0471646372436701
2022-01-03,0.0094451005466564,8.9209924336449e-05,0.0094451005466564,0.00013300690088914,0.000106169872927312,0.000133091584298913,0.000127211088974625,0.000101889529596402,0.0115328617822785,0.0103038765970538,0.0115365325942812,0.0112787893399347,0.0100940343568071,-0.131910246923609
2022-01-04,-0.0106535928704791,0.000113499041049923,0.0106535928704791,0.000113991158756462,9.46386862022443e-05,0.0001140278597176,0.000108582967947508,0.000113725875617294,0.0106766642148408,0.00972824168091255,0.0106783828231432,0.010420315155863,0.0106642334753743,-0.0895374420836393
2022-01-05,-0.0312320889053675,0.00097544337739278,0.0312320889053675,0.000135922435660218,0.000137207267731368,0.000135942168767774,0.000131613117071117,0.000135617244397697,0.0116585777717618,0.0117135506030993,0.0116594240324201,0.0114722760196535,0.0116454817160003,0.295919017830935
2022-01-06,-0.0050629149342561,2.56331076315135e-05,0.0050629149342561,0.000399172742571614,0.00042474499499348,0.000399162745396454,0.000398317891849579,0.000395841193268042,0.0199793078601741,0.0206093424202103,0.0199790576703821,0.019957902992288,0.0198957581727373,0.279516759503486
2022-01-07,-0.0092384735027022,8.53493926601307e-05,0.0092384735027022,0.000345136603016491,0.000310115130532853,0.000345111549060315,0.000340759449303777,0.000343322003694276,0.0185778524866705,0.0176100860455834,0.0185771781780849,0.0184596708882845,0.0185289504207409,0.163333010062414
2022-01-10,0.0001808586635279,3.27098561730981e-08,0.0001808586635279,0.000318888159683172,0.000260969562167517,0.000318850151945515,0.000312441843091413,0.000317974648598444,0.0178574398972297,0.016154552366671,0.0178563756665656,0.0176760245273481,0.0178318436679566,0.25081241636666
2022-01-11,0.0119194926689834,0.000142074305485949,0.0119194926689834,0.000268839710610507,0.000196361414316886,0.000268796369478846,0.000260469030242639,0.000268958083915778,0.016396332230426,0.014012901709385,0.0163950105056034,0.0161390529537095,0.0163999415826941,0.115492611973831
2022-01-12,0.0046927267703398,2.20216845410638e-05,0.0046927267703398,0.000227959228170434,0.00015323623089245,0.000227934149914895,0.000219282095178365,0.000228253901739321,0.0150983187199911,0.0123788622616317,0.0150974881988659,0.0148081766324678,0.0151080740579109,0.0075102524056785
2022-01-13,-0.0262389708202491,0.000688483589705884,0.0262389708202491,0.000193451611393094,0.000135680576151504,0.000193424633450795,0.000184637803941646,0.000194326055669674,0.0139086883419356,0.0116482005542274,0.0139077184847406,0.0135881493935578,0.0139400880796957,0.375197294971456
2022-01-14,0.0084210419450417,7.09139474401517e-05,0.0084210419450417,0.000366228748800332,0.000336498022082323,0.000366182409245357,0.000359906266288616,0.000365009459020969,0.0191371039815415,0.0183438824157353,0.0191358932178604,0.0189711957000242,0.019105220726832,0.222108333939027
2022-01-18,-0.0243037050427275,0.000590670078803898,0.0243037050427275,0.000308191688020146,0.000258101558107443,0.000308149825572746,0.000299739410125268,0.000308015451584634,0.0175553891446515,0.0160655394589613,0.0175541968079643,0.0173129838596721,0.0175503689871362,0.714180515818796
2022-01-19,-0.0140677752612578,0.000197902300801257,0.0140677752612578,0.000433635192416233,0.000399184692477111,0.000433574431161725,0.000426347552687914,0.000432265545146428,0.0208239091530921,0.0199796069149799,0.0208224501719112,0.0206481852153625,0.0207909967328752,0.859068347687501
2022-01-20,-0.0129980679834489,0.000168949771302359,0.0129980679834489,0.000425342310267581,0.000373135615884369,0.000425269088001982,0.000416349041370605,0.000424726058103794,0.0206238287005003,0.019316718558916,0.0206220534380546,0.0204046328408674,0.0206088829902009,1.09690317910906
2022-01-21,-0.0200783998528444,0.000403142140650702,0.0200783998528444,0.000410035618175388,0.000359123551748122,0.000409953098277511,0.000400236891396571,0.000410195088986655,0.0202493362403657,0.0189505554469552,0.0202472985427071,0.0200059214083374,0.0202532735375459,1.5425018612124
2022-01-24,0.005170780728016,2.67369733372217e-05,0.005170780728016,0.000464772670323047,0.000426036752141686,0.000464678267487222,0.000455434564270922,0.000464717823183836,0.0215585869277893,0.02064065774489,0.0215563973680024,0.0213409129202788,0.021557314841692,1.68602279476896
2022-01-25,-0.0234143686937136,0.000548232661325155,0.0234143686937136,0.00038954623103111,0.000342520140357302,0.000389455100063524,0.000378695154194624,0.000390922613723916,0.0197369255719099,0.0185072996506055,0.0197346167954568,0.0194600913203054,0.0197717630403542,1.85824807146233
2022-01-26,0.0058559669080675,3.42923484283816e-05,0.0058559669080675,0.000488994232473496,0.000466733058908449,0.000488890906725349,0.000479715232477281,0.000489428280985893,0.0221132139788294,0.0216040056218389,0.0221108775656994,0.0219024024362005,0.0221230260359177,1.96759732934264
2022-01-27,-0.0069123444053178,4.77805051777283e-05,0.0069123444053178,0.000409639258489559,0.000365509660569171,0.000409541066140375,0.000398655255136571,0.000411440717925662,0.0202395468943739,0.0191183069482936,0.0202371209943602,0.0199663530755261,0.0202840015264657,1.76666797022163
2022-01-28,0.0428020789947719,0.00183201796627469,0.0428020789947719,0.000360825626916866,0.000311467031818358,0.000360726430285348,0.000349304938051181,0.000363387230710934,0.018995410680395,0.0176484285934572,0.0189927994325573,0.018689701390102,0.0190627183452658,1.3798446119949
2022-01-31,0.0248161403213362,0.000615840820448248,0.0248161403213362,0.000314314434581837,0.000249558372372108,0.000314522519707416,0.000311273074033912,0.000309569461840942,0.0177289152116489,0.0157974166360234,0.0177347827645961,0.0176429326936854,0.0175945861514541,0.993021253768174
2022-02-01,0.0025894437652984,6.70521901364276e-06,0.0025894437652984,0.000268414596979947,0.000201216354103175,0.000268674082882756,0.000266887581603806,0.000262823692020063,0.0163833634208592,0.0141850750474989,0.0163912806968448,0.0163366943291416,0.0162118380210284,0.600730302292835
2022-02-02,0.0080959301188435,6.55440844891973e-05,0.0080959301188435,0.000226877623343608,0.00017161848546047,0.000227083229926985,0.000224409327514842,0.000223051659498961,0.0150624574138355,0.0131003238685335,0.0150692810023234,0.0149802979781726,0.0149349141108666,0.618499719641632
2022-02-03,-0.0294439914211176,0.000866948630806847,0.0294439914211176,0.000192785551807017,0.000160992037336232,0.000192956188244607,0.00019039602918325,0.000190148403019019,0.0138847236849358,0.012688263763661,0.0138908670803736,0.0137984067624943,0.0137894308446367,0.927411699039991
2022-02-04,0.0040178614446022,1.61432105880209e-05,0.0040178614446022,0.000415843387459859,0.00041954038838497,0.000415958256715057,0.000416608650331053,0.00041116565549853,0.0203922384121964,0.020482685087287,0.0203950547122349,0.0204109933695313,0.0202772201126912,0.772955578986213
2022-02-07,-0.00666365034484,4.44042359182863e-05,0.00666365034484,0.000348983195650215,0.000309952553614277,0.000349065487165958,0.000346626032218226,0.000346270107056132,0.0186810919287448,0.0176054694232865,0.0186832943338684,0.0186178954830622,0.0186083343439474,0.723748543294673
2022-02-08,0.0122870049009703,0.000150970489436468,0.0122870049009703,0.000309552675791715,0.0002544250857966,0.00030960500879762,0.000305586270559631,0.000308102640560869,0.0175941091218543,0.0159507080029884,0.0175955962899136,0.0174810260156443,0.0175528527755709,0.529653415025233
2022-02-09,0.0219380992536314,0.000481280198862183,0.0219380992536314,0.000261718845363301,0.00019736594422196,0.000261773290528804,0.000257196555983739,0.000260822352557081,0.0161777268292953,0.0140486990223992,0.0161794094616832,0.0160373487828799,0.0161499954352031,0.327356896882873
2022-02-10,-0.0264967725803003,0.000702078957172154,0.0264967725803003,0.000224061310875599,0.000175481792112292,0.000224172902010626,0.000221199727948071,0.000222162395561147,0.0149686776595529,0.0132469540692301,0.014972404683638,0.0148727848081007,0.0149051130677076,0.867269476851225
2022-02-11,-0.0310200303588517,0.000962242283464081,0.0310200303588517,0.000395401361219713,0.000393398843826074,0.000395468727489197,0.00039480473315157,0.000392071131269326,0.0198847016879739,0.0198342845554377,0.0198863955378846,0.0198696938363823,0.0198007861275588,1.33883870546709
2022-02-14,-0.0003231329239149,1.04414886517793e-07,0.0003231329239149,0.000610312865137691,0.000610002421720552,0.000610334327855229,0.000610419418367142,0.000605338415808651,0.0247045110281036,0.0246982270967078,0.0247049454129174,0.024706667488092,0.0246036260703306,1.47142471323561
2022-02-15,0.0259458615728693,0.000673187732758496,0.0259458615728693,0.000510422954441879,0.00043868883188915,0.000510419467712097,0.000504979339487329,0.000508039039694548,0.0225925420092976,0.0209448999016264,0.0225924648436619,0.0224717453591689,0.022539721375708,1.11193879983355
2022-02-16,-0.001007359579431,1.0147733222714e-06,0.001007359579431,0.000431128771622256,0.000326769091018972,0.000431216297164312,0.000425388179810446,0.000427784246862015,0.0207636406158038,0.018076755544593,0.020765748172515,0.0206249407225923,0.0206829457974925,0.919210569876267
2022-02-17,-0.0303780612837682,0.000922826607360377,0.0303780612837682,0.00036268924434626,0.000271649769886104,0.000362745848280367,0.00035458230157454,0.00036124916262406,0.0190444019162131,0.0164818011723872,0.0190458879625069,0.0188303558536354,0.0190065557801528,1.44135373249582
2022-02-18,-0.0101814826482169,0.000103662588915942,0.0101814826482169,0.000572185214933247,0.000520578072979223,0.000572199342565293,0.000566266164754322,0.000568823533964619,0.0239203932855053,0.0228161800698369,0.0239206885888616,0.023796347718806,0.0238500216763972,1.39214643609509
2022-02-22,-0.0092925390875399,8.63512826934569e-05,0.0092925390875399,0.000512359681749357,0.000430000001669022,0.000512346411663968,0.000502922670903457,0.000510848195111336,0.0226353635214758,0.0207364413935714,0.022635070392291,0.0224259374587431,0.0226019511350533,1.53703426796379
2022-02-23,-0.0253466402731832,0.000642452173138152,0.0253466402731832,0.000457642986038663,0.000375743049581509,0.000457609527079045,0.000446468140503663,0.000457627867431136,0.0213925918494853,0.0193840926943076,0.0213918098130814,0.0211297927226857,0.0213922384857484,1.83911201651058
2022-02-24,0.0335891454636983,0.00112823069298148,0.0335891454636983,0.000571992222544974,0.000510122391320986,0.000571932956680308,0.000561823750260465,0.000571078405165613,0.0239163588897845,0.0225858892081093,0.0239151198341198,0.0237028215674941,0.0238972468114135,1.74343122033342
2022-02-25,0.0135017325503296,0.00018229678186063,0.0135017325503296,0.000484859089901914,0.00038250830963091,0.000484974670432069,0.000476888932290488,0.000480945075486272,0.0220195161141637,0.0195578196543201,0.0220221404598206,0.0218377867992727,0.0219304599925827,1.37027658451902
2022-02-28,-0.0018157194253092,3.29683703144517e-06,0.0018157194253092,0.00040704570100169,0.000311995792682504,0.000407151840092439,0.000397533747693388,0.000404613154724371,0.0201753736273133,0.0176634026360298,0.0201780038678864,0.0199382483607108,0.0201149982531536,1.7201944704452
2022-03-01,-0.0201931649658381,0.000407763911337551,0.0201931649658381,0.000343812633377812,0.000281557181285914,0.00034388510041394,0.000333390735305114,0.000343158621690334,0.0185421852373935,0.0167796657084077,0.0185441392470489,0.0182589905335732,0.0185245410655793,2.15349132844836
2022-03-02,0.0214256853734949,0.000459059993723993,0.0214256853734949,0.000411259563824413,0.000382122030338912,0.000411295571774054,0.000402521811482577,0.000410363761833587,0.0202795355919314,0.0195479418440641,0.0202804233627914,0.0200629462313633,0.020257437198066,1.80083964589787
2022-03-03,-0.0119996935917453,0.000143992646295773,0.0119996935917453,0.000347741771312076,0.000312890241053374,0.000347829664366937,0.000340010703319631,0.000346445756747172,0.0186478355664156,0.0176887037697332,0.0186501920731916,0.0184393791468051,0.0186130533966669,1.76530107190948
2022-03-04,-0.0176727521433917,0.000312326168321756,0.0176727521433917,0.000338468093242386,0.000324608342514573,0.000338522099762446,0.000330936659900846,0.000338023113610603,0.0183975023642446,0.0180168904785086,0.0183989700734157,0.0181916645720188,0.0183854049074423,1.97033112596695
2022-03-07,-0.0372806281702919,0.00138984523677156,0.0372806281702919,0.000379564082716515,0.000399395293893668,0.000379586676666151,0.000372974535587565,0.000379281879108483,0.0194824044387882,0.0199848766294333,0.0194829842854259,0.0193125486559275,0.01947516056695,2.5813208539121
2022-03-08,-0.0048638582064466,2.36571166524179e-05,0.0048638582064466,0.00071661901587244,0.000764272651266733,0.000716598159766215,0.000713835445299871,0.00071279704536453,0.026769740676227,0.027645481570534,0.0267693511271046,0.0267176991019038,0.0266982592197418,2.40089444805499
2022-03-09,0.0388002484154616,0.00150545927710153,0.0388002484154616,0.000607322879237662,0.000567489611704329,0.000607278888832625,0.000598799227148148,0.000606177230992303,0.0246439217503559,0.0238220404605552,0.0246430292138086,0.0244703744791155,0.0246206667454865,2.03457404309217
2022-03-10,-0.0176422056586685,0.000311247420502755,0.0176422056586685,0.000516408378299899,0.00042723665624312,0.00051659911400878,0.000511676473227984,0.000510765969600397,0.022724620531483,0.0206697038257233,0.0227288168193767,0.0226202668690708,0.0226001320704193,1.73112939623323
2022-03-11,-0.0177506956708022,0.000315087196797436,0.0177506956708022,0.000526581464240286,0.000443254926096547,0.000526711610300819,0.0005199212991685,0.000522318573209224,0.0229473629038346,0.0210536202610512,0.022950198480641,0.0228017828068004,0.022854290039492,1.80220654421003
2022-03-14,-0.0187079760687634,0.000349988368589424,0.0187079760687634,0.000536105406357852,0.000457892098529196,0.000536184996097748,0.000527848486203379,0.000533020246992963,0.0231539501242845,0.0213984134582262,0.0231556687680954,0.0229749534537805,0.0230872312543744,1.94162704353932
2022-03-15,0.0330429562393919,0.00109183695703837,0.0330429562393919,0.000553983041263024,0.000470989030171363,0.00055401979390411,0.000544243779802262,0.000551736611356697,0.0235368443352762,0.021702281681228,0.0235376250693249,0.0233290329804358,0.0234890742975686,1.67645476729308
2022-03-16,0.0319859527120681,0.00102310117089866,0.0319859527120681,0.000469727216723957,0.0003550247207859,0.000469916795441272,0.000462288049460442,0.000464804467706459,0.0216731911984358,0.0188420996915392,0.0216775643336901,0.0215008848529646,0.0215593243796381,1.24452480760207
2022-03-17,0.0070666336811481,4.99373115835367e-05,0.0070666336811481,0.000392834408300137,0.00030472118291683,0.000396274647971381,0.000388994305193065,0.000287816747168381,0.0198200506634099,0.017456264861557,0.019906648335955,0.019722938553701,0.0169651627510136,1.10783810489709
2022-03-18,0.020259316382564,0.000410439900288826,0.020259316382564,0.000331317310290776,0.000247997196254044,0.000333917712007782,0.000325908627565627,0.000233452074635296,0.0182021237851734,0.0157479267287489,0.0182734154445134,0.0180529395823956,0.0152791385436253,0.861802144311807
2022-03-21,-0.0019014848242885,3.61564453699947e-06,0.0019014848242885,0.000280168198880455,0.000208924062684188,0.000282905797719523,0.000275263507950919,0.000197303032911352,0.0167382256789797,0.014454205709211,0.0168198037360584,0.0165910671130858,0.0140464597999408,0.815328644535378
2022-03-22,0.014267560017546,0.000203563268854277,0.014267560017546,0.00023984674851824,0.000183468418966177,0.000241869901998287,0.000234280665370151,0.00017446434023438,0.0154869864246806,0.0135450514567563,0.0155521671158166,0.0153062296262062,0.0132084950026254,0.734683469082704
2022-03-23,-0.0154981123984083,0.000240191487913697,0.0154981123984083,0.000204077112757631,0.000165680382784495,0.00020595284367039,0.000198967891783586,0.000159034097391162,0.0142855560884983,0.0128716891970128,0.0143510572317997,0.0141055978881998,0.0126108721899463,0.820795977074796
2022-03-24,0.02565634050406,0.00065824780806027,0.02565634050406,0.00024781454474939,0.00022548894466124,0.000249183009819783,0.000243303306874328,0.000220958091981082,0.0157421264367108,0.0150162893106533,0.0157855316609794,0.0155981828067993,0.0148646591612819,0.561091294077172
2022-03-25,-0.000568650340758,3.2336321004419e-07,0.000568650340758,0.000210727310785336,0.000186116445531887,0.000213065939416711,0.000207939489215073,0.000180469497306887,0.0145164496618607,0.0136424501293531,0.0145967783917107,0.0144201071152427,0.0134338936018895,0.443540646323946
2022-03-28,0.0118123294668314,0.000139531127432973,0.0118123294668314,0.000180493343962981,0.000157072858262534,0.000182241684810733,0.000177056644638882,0.000151537308933477,0.0134347811282127,0.0125328711101062,0.0134996920265143,0.0133062633612477,0.0123100491036176,0.282250295418597
2022-03-29,0.0210141069215497,0.000441592689710323,0.0210141069215497,0.000154706721614394,0.000134751777100187,0.000156264063753123,0.000151428984337271,0.000129923293057512,0.0124381156778024,0.0116082633111154,0.012500562537467,0.0123056484728466,0.011398389932684,0.18246906501417
2022-03-30,-0.0134228865289152,0.000180173882768133,0.0134228865289152,0.000133273771752374,0.000120969197502345,0.000135359384039223,0.000131462491249179,0.000117285201151604,0.0115444260035904,0.0109985997973535,0.0116344051863094,0.0114657093652848,0.0108298292300296,0.241244388890781
2022-03-31,-0.0149260728997486,0.00022278765220861,0.0149260728997486,0.000171572565014301,0.000174188172375481,0.000173174366565717,0.000169838738663074,0.000171494755022875,0.013098571105823,0.013198036686397,0.0131595731908644,0.0130322192531845,0.0130956005980205,0.409368970647701
2022-04-01,-0.0029616287328989,8.77124475153234e-06,0.0029616287328989,0.000215763076594849,0.000220204213527678,0.000216930867689325,0.000213836398845763,0.000216569616729698,0.0146888759472891,0.0148392794140308,0.0147285731722161,0.0146231459968696,0.0147163044521951,0.282250295418597
2022-04-04,0.0188170396360913,0.000354080980666231,0.0188170396360913,0.000188234189662802,0.000180783415812415,0.000189006119010495,0.000185140909165138,0.000174602965025524,0.0137198465611975,0.013445572349752,0.0137479496293264,0.013606649446691,0.0132137415225788,0.137362463549893
2022-04-05,-0.0212812250295572,0.000452890538758652,0.0212812250295572,0.000161155849430118,0.000156700451693511,0.000162366249737485,0.000159037497510338,0.000151471036107984,0.0126947173828375,0.0125180051003948,0.0127423015871343,0.012611006998267,0.0123073569911653,0.473611887772927
2022-04-06,-0.0239449170322128,0.000573359051679555,0.0239449170322128,0.000272776318238765,0.000283963535907566,0.000273624050688712,0.000271615612302023,0.000280894070430346,0.0165159413367439,0.0168512176387217,0.0165415854950096,0.0164807649185959,0.0167598947022452,0.619866617953785
2022-04-07,0.0015540265366221,2.41499847652568e-06,0.0015540265366221,0.000399651013933222,0.000403401179160526,0.000400103641600345,0.000398513016033925,0.000398147625460156,0.0199912734445113,0.0200848494931012,0.0200025908721931,0.0199627907877111,0.0199536368980734,0.544688775040528
2022-04-08,-0.0140728176587734,0.000198044196857084,0.0140728176587734,0.000336985074229489,0.000306643719964113,0.000337011232635291,0.000333314383503931,0.000295749889236713,0.0183571532169204,0.0175112455286343,0.0183578656884533,0.0182568996136784,0.0171973803015667,0.491381044412528
2022-04-11,-0.0255181026937387,0.000651173565088194,0.0255181026937387,0.000346192887202033,0.000315121459556863,0.00034591577478345,0.000341632662408595,0.000304360627964408,0.0186062593554436,0.0177516607548945,0.0185988111120967,0.0184833076695865,0.0174459344250862,0.930145495664298
2022-04-12,-0.0044521551938953,1.98216858705289e-05,0.0044521551938953,0.000482621277688273,0.000454824719073356,0.000482077547797239,0.000478319826653917,0.000444486429893258,0.0219686430552338,0.021326619963636,0.021956264431757,0.0218705241513302,0.0210828468166246,0.915109874939808
2022-04-13,0.0159627573471809,0.000254809622124978,0.0159627573471809,0.000413974094839218,0.000351602677193031,0.000413104764896781,0.000407171633853678,0.000336571511977963,0.0203463533548206,0.0187510713612058,0.0203249788412382,0.0201784943406013,0.0183458854236573,0.58159424734108
2022-04-14,-0.0245863989313569,0.000604491012411828,0.0245863989313569,0.000348910224905236,0.000276191292073554,0.00034835172035902,0.000341556415182351,0.000261285177390471,0.0186791387624065,0.0166190039434845,0.0186641828205528,0.0184812449575874,0.0161643180304791,0.701878691718612
2022-04-18,0.0032682404385622,1.06813955642532e-05,0.0032682404385622,0.000471745959933687,0.000409072620536144,0.000470966991911884,0.000465190140963794,0.000397322411656816,0.0217197136245782,0.0202255437636703,0.0217017739346783,0.0215682669902752,0.01993294789179,0.629434645429662
2022-04-19,0.0185862515555363,0.000345448746885675,0.0185862515555363,0.000396950367046847,0.000311047628602838,0.000395905427025567,0.000388415505781812,0.000296451319394867,0.0199236133029842,0.0176365424219952,0.0198973723648518,0.0197082598364699,0.0172177617417267,0.520085387549356
2022-04-20,-0.000934583821544,8.73446919491787e-07,0.000934583821544,0.000334755268872973,0.000242218626871187,0.000334265247349257,0.000326325454590891,0.000228118498657145,0.0182963184513435,0.0155633745335382,0.0182829222869118,0.018064480468336,0.0151035922434746,0.376564193283609
2022-04-21,-0.0171081403239308,0.000292688465343307,0.0171081403239308,0.000283996030302298,0.000203757106530469,0.00028329212919782,0.000275220568652464,0.00019268729316117,0.0168521817668306,0.0142743513523546,0.0168312842408956,0.0165897730138921,0.0138811848615732,0.699144895094306
2022-04-22,-0.0283881792480669,0.000805888721020376,0.0283881792480669,0.000329355781269774,0.000285279529966761,0.000328514345229681,0.000321730356105166,0.000278968248972215,0.0181481619253789,0.0168902199502185,0.0181249646959568,0.0179368435379574,0.0167023426192919,1.45502219419896
2022-04-25,0.0149145951834712,0.000222445149486822,0.0149145951834712,0.000512035451450245,0.000487814743383014,0.000511033888155675,0.000506173468495087,0.000482818407196666,0.0226282003581868,0.0220865285498426,0.0226060586603608,0.0224982992356108,0.0219731292081184,1.29236520569066
2022-04-26,-0.0379628107618518,0.00144117500094017,0.0379628107618518,0.000430471228956773,0.000398279943624393,0.000429651194799969,0.000423628147481349,0.000389149025193427,0.0207478005811887,0.0199569522629181,0.0207280292068486,0.0205822289240342,0.0197268605001766,2.18082877327303
2022-04-27,0.0146961460263912,0.000215976708029014,0.0146961460263912,0.000773253822830901,0.00076113895206302,0.00077217483451744,0.000768972434069808,0.000753405387041664,0.0278074418606045,0.0275887468374883,0.0277880340167749,0.0277303522168365,0.0274482310366563,1.9183902936511
2022-04-28,0.0392506933694297,0.00154061692998099,0.0392506933694297,0.000647739505611236,0.000571952643708902,0.000646626261643786,0.000639495683910165,0.000552215601852372,0.0254507270153769,0.0239155314327092,0.0254288470372486,0.0252882518951027,0.0234992681131216,1.69832461886914
2022-04-29,-0.0425685842534942,0.00181208436534683,0.0425685842534942,0.000543410700759904,0.000454473103853062,0.000545364115836384,0.000538349402587863,0.000433706100805188,0.02331117115805,0.021318374793897,0.0233530322621364,0.0232023576945935,0.0208256116550076,2.16442651494558
2022-05-02,0.0150885722293024,0.000227665011918876,0.0150885722293024,0.000970079415927634,0.000908095986574811,0.000971204735873559,0.000967143132088615,0.000891972427821116,0.0311460979245817,0.0301346310177313,0.031164157872042,0.0310989249346117,0.0298659074501532,2.01953842236768
2022-05-03,0.0017399049973934,3.02726939995453e-06,0.0017399049973934,0.000811449936713694,0.000668601916437142,0.000812032125278744,0.00080231180066332,0.000638652863791285,0.0284859603438904,0.0258573377677815,0.0284961773801109,0.0283251090141471,0.0252715821386649,1.59717649015256
2022-05-04,0.0345108833769085,0.00119100107145458,0.0345108833769085,0.000679499184053457,0.00049686631852162,0.000679295097021138,0.000666251432582866,0.000465115895315953,0.0260672051446536,0.0222904983910549,0.0260632902186416,0.025811846748787,0.0215665457437197,1.07366642922085
2022-05-05,-0.0492906055741283,0.00242956379786429,0.0492906055741283,0.000569808755951727,0.000397807453754421,0.000571693871230288,0.000559058543349693,0.000371284395799873,0.0238706672707682,0.019945111023868,0.0239101206862343,0.0236444188625919,0.019268741417121,1.86371566471095
2022-05-06,-0.0080774203143638,6.5244718934897e-05,0.0080774203143638,0.00116282161718178,0.00104169993850222,0.00116385584919621,0.00115636735349724,0.00102389772370107,0.0341001703394834,0.0322753766593392,0.0341153315856114,0.0340054018281983,0.0319984018929238,1.72566206369381
2022-05-09,-0.03946799458909,0.00155772259688444,0.03946799458909,0.000993948835072904,0.000797391036777922,0.000993831711848152,0.000980308875664985,0.000765294666050061,0.0315269541039553,0.0282381131943677,0.0315250965398705,0.0313098846319335,0.0276639596957858,2.34895335502995
2022-05-10,0.0151292584771633,0.000228894462068818,0.0151292584771633,0.00127428703358975,0.00106691808450618,0.00127332664553803,0.00125974123485989,0.00103406803603727,0.035697157220005,0.0326637120441964,0.0356837028002705,0.0354928335704532,0.0321569282742812,2.10838498769328
2022-05-11,-0.0320707624207767,0.0010285338022499,0.0320707624207767,0.00106447493685013,0.000784665196158694,0.00106307669786974,0.00104386668543565,0.000742089575420173,0.0326262921100472,0.0280118759842802,0.0326048569674786,0.0323089257858513,0.0272413211026957,2.04960966381666
2022-05-12,-0.0103652078744181,0.000107437534279899,0.0103652078744181,0.00118571684905103,0.000901611117073552,0.00118364424764904,0.00116373837815301,0.000862078198280719,0.034434239487043,0.0300268399448485,0.0344041312584555,0.0341136098669287,0.0293611682036107,1.94162704353932
2022-05-13,0.0326941980110829,0.0010689105835879,0.0326941980110829,0.00102562797278731,0.000699888390491864,0.00102291023358747,0.000999005855768385,0.000656919048048257,0.0320254269727558,0.0264554038051182,0.0319829678670924,0.0316070538925789,0.0256304320690904,1.54523565783671
2022-05-16,-0.0088718794948867,7.87102457717911e-05,0.0088718794948867,0.000857695365539674,0.000523679351265179,0.000856929498723871,0.0008323341580338,0.000483868848619623,0.0292864365456037,0.0228840414102313,0.0292733581729851,0.028850202044939,0.0219970190848584,1.35387406548238
2022-05-17,0.0285502799703542,0.000815118486385608,0.0285502799703542,0.000744226500300159,0.000429159228363419,0.000742864375630076,0.000717668056372153,0.000396092447063935,0.0272805150299652,0.0207161586295196,0.0272555384395553,0.0267893272848004,0.0199020714264605,1.16661342877371
2022-05-18,-0.0468363233982011,0.00219364118946088,0.0468363233982011,0.000623626402298372,0.000351637198517601,0.000623642457607517,0.000600165652691438,0.000326787442785659,0.0249725129351928,0.0187519918546698,0.024972834392746,0.0244982785658796,0.0180772631442279,1.83091062663766
2022-05-19,-0.0110267467727045,0.000121589144389349,0.0110267467727045,0.00114239206359596,0.000940458902375445,0.00114183387035253,0.00112442449411957,0.000924648511692671,0.0337992908741582,0.0306669023928966,0.0337910323954823,0.0335324394298949,0.0304080336702765,1.61084521256489
2022-05-20,0.0022148820771804,4.90570261581496e-06,0.0022148820771804,0.000993774808319957,0.000731948068258625,0.000992350929684824,0.000970854200160622,0.000703127746025251,0.0315241940153901,0.0270545387737183,0.0315016020177518,0.0311585333441839,0.0265165560739937,1.62178013835292
2022-05-23,0.022707014745892,0.000515608518670157,0.022707014745892,0.000831148098240349,0.000548073364671564,0.000829129474469092,0.00080504496171502,0.000516039940530637,0.0288296392318799,0.0234109667607206,0.0287946084270839,0.0283733142532736,0.0227165125080994,1.49192766649951
2022-05-24,-0.0149543901631311,0.000223633785151152,0.0149543901631311,0.000695908206412837,0.000427269124739329,0.000694632141338298,0.000670552374697374,0.000398628201128435,0.0263800721457095,0.0206704892235121,0.0263558748922949,0.0258950260609518,0.0199656755740555,1.62451393497723
2022-05-25,0.011592267621967,0.000134380668619304,0.011592267621967,0.000652123805287144,0.000415195258698294,0.000650469297096257,0.000627352865994948,0.000392356467841482,0.0255367148491568,0.0203763406601454,0.0255042995805856,0.0250470131152389,0.0198079900000349,1.47689230648422
2022-05-26,0.0237391953034437,0.000563549393655043,0.0237391953034437,0.000546985499293454,0.00033247967720693,0.000545316586660235,0.000522727337464363,0.000312618020791632,0.0233877211222781,0.0182340252606749,0.0233520146167356,0.0228632311247637,0.0176810073466314,1.35797476041884
2022-05-27,0.0332776835438886,0.00110740422204719,0.0332776835438886,0.00046947341054821,0.000292739054305577,0.000469082433061326,0.000446708541570621,0.00027756391672604,0.0216673351049041,0.0171096187656411,0.0216583109466395,0.0211354806325908,0.0166602495997521,1.11467233574866
2022-05-31,-0.0071654080358957,5.13430723208787e-05,0.0071654080358957,0.000399547098842533,0.000248888584365384,0.000398846608252726,0.00038187623947632,0.000236044579876409,0.0199886742642561,0.0157762031035793,0.0199711443901627,0.019541653959589,0.0153637423786137,1.17891525287389
2022-06-01,-0.0029947455508354,8.96850091424842e-06,0.0029947455508354,0.000355145250877251,0.000235822491744471,0.000354604201348523,0.000338075061296404,0.000225629383690088,0.0188452978452783,0.0153565130073357,0.018830937346519,0.018386817595669,0.0150209648055672,1.1105719015214
2022-06-02,0.0239206496263359,0.000572197478545924,0.0239206496263359,0.000304490379821127,0.000209975404994978,0.000304090913461019,0.00028806252837138,0.000201371732642559,0.0174496527134819,0.0144905281130461,0.0174382027015693,0.0169724049083028,0.0141905508223803,0.977985633043684
2022-06-03,-0.0242063478289361,0.000585947275215439,0.0242063478289361,0.000260091707934379,0.000187559763203141,0.000259578255933378,0.000247210489121009,0.000181139486975881,0.0161273589882032,0.0136952460073976,0.016111432460628,0.0157229287704616,0.0134588070413347,0.987553921228757
2022-06-06,7.11796032341439e-05,5.06653591657015e-09,7.11796032341439e-05,0.0003926405149705,0.00035083789795388,0.000392032757291164,0.000382433391905132,0.000347341907893057,0.0198151587167628,0.0187306673120281,0.0197998171024675,0.019555904272243,0.0186371110393499,1.02582603113227
2022-06-07,0.0118581958228411,0.000140616808172846,0.0118581958228411,0.000331680211697288,0.000284225625844821,0.000331235811739892,0.000320451894914505,0.000277651696462011,0.0182120897125313,0.0168589924326699,0.0181998849375454,0.0179011702107573,0.0166628837978908,0.882305097575715
2022-06-08,-0.0113581728315689,0.00012900809007179,0.0113581728315689,0.000281142898254029,0.0002373029885842,0.000280772745322547,0.000270072132977883,0.000229772981074681,0.0167673163700704,0.0154046417869485,0.016756274804459,0.0164338715151933,0.015158264447973,0.874103707702796
2022-06-09,-0.0270638948239008,0.000732454403039165,0.0270638948239008,0.000279744085592584,0.000252898627916221,0.000279428316426971,0.000269273962541885,0.000246271482074778,0.0167255518770707,0.0159027867971693,0.0167161094883639,0.0164095692369387,0.0156930392873649,1.16524653046155
2022-06-10,-0.0391942570128073,0.00153618978278599,0.0391942570128073,0.000450164991871292,0.000445868002496191,0.000449671562445669,0.000442250334923264,0.000441513143973857,0.0212170919748983,0.0211155867192032,0.0212054606751579,0.0210297488078974,0.0210122141616217,1.39214643609509
2022-06-13,-0.0453328613626801,0.00205506831932797,0.0453328613626801,0.000816024372007445,0.000828281122092342,0.000815118479824542,0.000811400931933173,0.000824683509201948,0.028566140306444,0.0287798735593529,0.0285502798554505,0.0284851001741818,0.0287173033065772,2.24917212462552
2022-06-14,0.0062860152870356,3.95139881888453e-05,0.0062860152870356,0.00126443748357661,0.00124060664042293,0.00126306237031967,0.0012606045388984,0.00123111386932095,0.0355589297304715,0.0352222463852454,0.0355395887753316,0.0355049931544621,0.0350872322835665,2.06737855974707
2022-06-15,0.0208797670274381,0.000435964671120091,0.0208797670274381,0.00105777691949524,0.000919380143301882,0.00105683314873963,0.00104391290843341,0.000892039023574154,0.032523482585591,0.0303212820194312,0.0325089702811337,0.0323096411065398,0.0298670223419435,1.64775068486545
2022-06-16,-0.0415568307350121,0.00172697018073845,0.0415568307350121,0.000887069593927397,0.000703514030133816,0.000886290387658763,0.000868972146649406,0.000671659111401072,0.0297837135684487,0.0265238389026516,0.0297706296147522,0.0294783335120798,0.0259163869279858,2.10291739444466
2022-06-17,0.009108842897346,8.29710189285307e-05,0.009108842897346,0.00123283961678559,0.00105559505275422,0.00123170223320923,0.00121641031258423,0.00102899708074069,0.0351118159140992,0.0324899223260724,0.0350956155838479,0.034877074312279,0.0320779843621867,1.85414737652587
2022-06-21,0.0251287567822466,0.000631454417421304,0.0251287567822466,0.00103160449602784,0.000791642455670663,0.0010308369002409,0.00100819133420471,0.000757222889956093,0.0321186004680752,0.028136141449578,0.0321066488478773,0.0317520288202928,0.027517683222904,1.72566206369381
2022-06-22,-0.0042456531536681,1.80255707012519e-05,0.0042456531536681,0.000866001041788666,0.000604211154883898,0.000865283318551425,0.000840790967976929,0.000569302422556113,0.029427895639829,0.0245807069646887,0.0294156985052442,0.0289963957756292,0.0238600591482107,1.55617058362474
2022-06-23,0.0148593224491096,0.000220799463646613,0.0148593224491096,0.000733144697508189,0.000481399873025025,0.000732683620836264,0.000705662327743423,0.000450086480954476,0.0270766448717006,0.0219408266258367,0.0270681292452261,0.0265643055196898,0.0212152417133172,1.56983904532788
2022-06-24,0.0353108753305405,0.00124685791660897,0.0353108753305405,0.000615854139653942,0.000383242872511182,0.000615508142093514,0.000588407425372636,0.000356386085610153,0.0248164086776057,0.0195765899101754,0.0248094365533261,0.0242571108208013,0.0188781907398499,1.32106928811829
2022-06-27,-0.006767008919116,4.57924097113955e-05,0.006767008919116,0.000522012914008963,0.000314002388071226,0.000521317040098907,0.000499980390457967,0.000292149884781091,0.0228476019312523,0.0177201125298691,0.0228323682542768,0.0223602412880087,0.0170923925996652,1.28279717821478
2022-06-28,-0.0304086139039487,0.000924683799559422,0.0304086139039487,0.000455447030229671,0.000286254013485621,0.000454933334073686,0.000433982685160733,0.000269612646751291,0.021341204985419,0.0169190429246344,0.0213291662770415,0.0208322510824139,0.0164198857106647,1.47552540817207
2022-06-29,0.0020198950137911,4.07997586673815e-06,0.0020198950137911,0.000650309574636196,0.000525896804676461,0.000649611433931367,0.000632669075959095,0.000515517215413314,0.0255011681033673,0.0229324400070394,0.0254874760212024,0.0251529138661726,0.0227050041932019,1.44818796334739
2022-06-30,-0.013439775433901,0.000180627563713689,0.013439775433901,0.000546101814555579,0.000418053296597634,0.000545626542179795,0.000526955519924397,0.000404988097337593,0.0233688214199086,0.0204463516696166,0.0233586502645122,0.0229555117547921,0.0201243160713002,1.52336554555145
2022-07-01,0.0022785978195881,5.19200802343164e-06,0.0022785978195881,0.000515522270136758,0.000396289426794183,0.000515145932334784,0.000496762447977067,0.00038402846957102,0.0227051155059109,0.019907019535686,0.0226968264815763,0.0222881683405583,0.0195966443446581,1.24862550253853
2022-07-05,0.0124797504371066,0.000155744170972462,0.0124797504371066,0.000433826285353679,0.000324600236443391,0.000433595328671883,0.000415153291318296,0.000312981154757327,0.0208284969537813,0.0180166655195514,0.0208229519682461,0.0203753108275259,0.0176912734068898,1.36344235366745
2022-07-06,0.008567277294368,7.33982402385935e-05,0.008567277294368,0.000366285132818747,0.000272497543241763,0.000366104651758013,0.000349045841566276,0.000262730714939753,0.0191385770844843,0.0165074996059901,0.019133861391732,0.0186827685733747,0.0162089701998539,1.2527259367658
2022-07-07,0.0204623252988262,0.000418706756634983,0.0204623252988262,0.000309730723880741,0.000234474549424529,0.000309612735457265,0.000293840237447046,0.000226633401890004,0.0175991682724139,0.015312561817819,0.0175958158508568,0.0171417687957528,0.0150543482718451,1.1638796321494
2022-07-08,0.0004517464537785,2.0407485850145e-07,0.0004517464537785,0.000263882255919643,0.000204285884104758,0.000263667524103615,0.000250900821855705,0.000198160786156369,0.0162444530815797,0.0142928612987308,0.0162378423475416,0.0158398491740201,0.0140769594073567,0.967050707255654
2022-07-11,-0.0138686400074268,0.000192339175655599,0.0138686400074268,0.000224277494077402,0.000187171056785678,0.000224138101306746,0.000212547393235037,0.000182985410422046,0.0149758971042606,0.0136810473570439,0.014971242477054,0.0145790052210374,0.0135272100014026,1.17618145624958
2022-07-12,-0.0137541101501485,0.000189175546022418,0.0137541101501485,0.000250838007286411,0.000240098640835557,0.00025068095553233,0.000241168883498601,0.000238195330504576,0.0158378662479013,0.0154951166770553,0.0158329073619576,0.0155296131149041,0.0154335780201668,1.32927067799121
2022-07-13,-0.0026340408444453,6.93817117020611e-06,0.0026340408444453,0.00027204638303369,0.000274914146131912,0.000271880433413324,0.000263907626622855,0.000273659926414861,0.0164938286347861,0.0165805351581881,0.0164887972094184,0.0162452339663932,0.0165426698696088,1.26502776086598
2022-07-14,0.0091118568357013,8.30259349943165e-05,0.0091118568357013,0.000234529172253821,0.000240740857432139,0.000234428552682885,0.000226885527492679,0.000238766808669294,0.0153143453093438,0.015515826031254,0.0153110598157961,0.0150627197906845,0.0154520810465547,1.20761933530152
2022-07-15,0.0174502777176082,0.000304512192421653,0.0174502777176082,0.000200011470250745,0.000207623548649558,0.000199933314819464,0.000193141433400282,0.00020518339423733,0.0141425411525208,0.0144091480889593,0.0141397777500025,0.0138975333566889,0.014324224036133,0.911009180003347
2022-07-18,-0.009716256202292,9.44056345885778e-05,0.009716256202292,0.000172061864724892,0.000187206471058505,0.000171907875289338,0.000166978804265258,0.000185040246901033,0.0131172354070853,0.0136823415780525,0.0131113643565168,0.0129220278696982,0.013602949933784,1.05726391018421
2022-07-19,0.0300547999397018,0.000903290999415499,0.0300547999397018,0.000178649259857356,0.000203269516530931,0.000178507520999367,0.000174347414752442,0.000201695335514443,0.0133659739584273,0.0142572618875761,0.0133606706792498,0.0132040681137459,0.0142019482999497,0.947914652303899
2022-07-20,0.0154972903457543,0.000240166008060609,0.0154972903457543,0.000156515701436027,0.000180577498046065,0.00015605738667918,0.000155909079910677,0.000178366265255883,0.0125106235430544,0.0134379127116552,0.0124922930913095,0.0124863557498046,0.0133553833810895,0.863168781914765
2022-07-21,0.0139679693300811,0.000195104167206086,0.0139679693300811,0.000135592796723203,0.00016278463513623,0.000135140581579756,0.000135381424438699,0.000160278394474773,0.0116444320051775,0.0127587082079743,0.0116249981324625,0.0116353523555885,0.0126601103658212,0.757920218970918
2022-07-22,-0.013894964599879,0.000193070041231891,0.013894964599879,0.00011799922086888,0.00015015887063534,0.000117566583501817,0.00011834618329196,0.000148239406881962,0.0108627446287243,0.0122539328639968,0.0108428125272835,0.0108787031990013,0.0121753606468951,0.746985293182888
2022-07-25,-0.0063603967521482,4.04546468447374e-05,0.0063603967521482,0.000162519811195254,0.000204538402938747,0.000162099603104009,0.000163421006136422,0.000203857833744037,0.0127483258193087,0.0143016923103088,0.0127318342395748,0.0127836225748581,0.014277879175285,0.792091894647163
2022-07-26,-0.0163406698198652,0.000267017490161853,0.0163406698198652,0.000154330010112208,0.000198815317382545,0.000153985254872594,0.000154768328568707,0.00019754258771663,0.012422963016616,0.0141001885584039,0.0124090795336558,0.012440591970188,0.0140549844438416,0.97388519881642
2022-07-27,0.0421151275087769,0.00177368396508054,0.0421151275087769,0.000214084899517442,0.000260308438222796,0.000213716818792281,0.000214790823281494,0.000258959002297965,0.0146316403563456,0.0161340769250303,0.0146190566998107,0.014655743695954,0.0160922031523954,0.77568937561052
2022-07-28,0.0151091973506181,0.000228287844579925,0.0151091973506181,0.000189349991438316,0.000216486482874263,0.000188344110265104,0.000196015218580956,0.000212893295117124,0.0137604502629208,0.0147134796317616,0.0137238518742044,0.0140005435101983,0.014590863412325,0.651304497005723
2022-07-29,0.0152313311528363,0.000231993448687362,0.0152313311528363,0.000162900229426737,0.000183356202743551,0.000162002326423777,0.000168166158595456,0.000178799214959186,0.0127632374195083,0.0135409084903322,0.0127280134515869,0.012967889519712,0.0133715823655686,0.514617794300742
2022-08-01,-0.002151948159973,4.63088088321118e-06,0.002151948159973,0.000140881139767983,0.000164042054076244,0.000140067086778077,0.000145026645109085,0.000159089341627697,0.0118693361131945,0.0128078903054423,0.0118349941604581,0.012042700905905,0.0126130623413863,0.721014746670367
2022-08-02,-0.0071132030386266,5.05976574687267e-05,0.0071132030386266,0.000124389628857611,0.000156157000645254,0.00012372708816802,0.000127059364370305,0.000151578885863218,0.0111530098564294,0.0124962794721171,0.0111232678727081,0.0112720612298863,0.0123117377271943,0.870003273475531
2022-08-03,0.0262466747723613,0.000688887936606107,0.0262466747723613,0.000125709640269921,0.000161379748747603,0.000125152440518337,0.000127387054544924,0.000157047420641687,0.0112120310501675,0.0127035329238603,0.011187155157516,0.0112865873737337,0.0125318562328845,0.599363664689877
2022-08-04,0.0045570688437718,2.07668764468757e-05,0.0045570688437718,0.000111606440147742,0.000145158899559636,0.000110881981408679,0.000114962664727297,0.000140586771448701,0.010564394925775,0.0120481907172669,0.0105300513488149,0.0107220643873882,0.0118569292588216,0.529653415025233
2022-08-05,-0.0023101125741043,5.3366201050348e-06,0.0023101125741043,9.74077382495377e-05,0.000133098074011586,9.68113847385065e-05,9.95286141993362e-05,0.000128537054390686,0.00986953586798982,0.011536813858756,0.00983927765328871,0.00997640286873662,0.0113374183300558,0.490014146100376
2022-08-08,-0.0085385193119488,7.29063120405226e-05,0.0085385193119488,8.84507147412953e-05,0.000128165031011841,8.79616642448553e-05,8.96405610119541e-05,0.000123843787675491,0.00940482401437131,0.0113209995588658,0.00937878799445084,0.00946786993002936,0.0111285123747737,0.509150461761325
2022-08-09,-0.0100662219789734,0.000101328824929967,0.0100662219789734,0.000102561652351261,0.000148446299646713,0.000102134254603632,0.000103307515406953,0.00014462527694267,0.0101272727005478,0.0121838540555406,0.0101061493459988,0.0101640304705836,0.0120260249851175,0.574760016489509
2022-08-10,0.0269362619289972,0.000725562206707544,0.0269362619289972,0.00012670784557725,0.000172825748097229,0.000126625410810828,0.00012680059664254,0.000169858360311196,0.0112564579498726,0.0131463207057043,0.0112527956886646,0.0112605771007769,0.0130329720444416,0.297285916143088
2022-08-11,-0.003919788674276,1.53647432509824e-05,0.003919788674276,0.000116774117232389,0.000151448817107252,0.000116642230762653,0.00011911859824439,0.000147899284687895,0.0108062073472791,0.0123064542865625,0.010800103275555,0.010914146702532,0.0121613849823075,0.360161934956161
2022-08-12,0.0197134742248186,0.000388621066012587,0.0197134742248186,0.000108066839193243,0.000141697191887497,0.000107962894912097,0.000109095486886776,0.000137956415138522,0.0103955201502014,0.0119036629609334,0.0103905194726778,0.0104448785003357,0.0117454848830741,0.268581833715456
2022-08-15,0.0062876752554077,3.95348601174663e-05,0.0062876752554077,9.8010692954472e-05,0.000129671189757007,9.7894571954514e-05,9.97254314695127e-05,0.000126039821651012,0.00990003499763874,0.0113873258387124,0.00989416858328753,0.00998626213703169,0.0112267458175115,0.325990259279915
2022-08-16,-0.0027089026241044,7.33815342687971e-06,0.0027089026241044,8.64345015740402e-05,0.000120762446655964,8.63433976830114e-05,8.72236457593909e-05,0.000117325184107444,0.00929701573484956,0.0109891968157806,0.00929211481219487,0.00933936002943408,0.0108316750370127,0.290451685291517
2022-08-17,-0.0071708167376092,5.14206126843763e-05,0.0071708167376092,7.9931580497957e-05,0.000119208021910664,7.98593684360687e-05,7.99766923589018e-05,0.000116089728174832,0.00894044632543348,0.0109182426200678,0.00893640690859971,0.00894296887833687,0.0107744943349947,0.31915576771915
2022-08-18,0.0051842488501445,2.68764361402246e-05,0.0051842488501445,8.82992077145656e-05,0.000131768586587438,8.8229675852705e-05,8.80069734191375e-05,0.000129002398802875,0.00939676581141435,0.0114790498991614,0.00939306530652827,0.00938120319677266,0.0113579222925179,0.27268226794272
2022-08-19,-0.0183307389167491,0.00033601598923402,0.0183307389167491,7.81926948655317e-05,0.000124936495036625,7.81402827327905e-05,7.75135573772313e-05,0.000122306504820663,0.00884266333553029,0.0111774994983952,0.00883969924447605,0.00880417840444134,0.0110592271348708,0.414836563896314
2022-08-22,-0.028280939890346,0.000799811561081364,0.028280939890346,0.000167475949514387,0.000233111711886007,0.000167354537746239,0.000167851332355728,0.00023154137398687,0.0129412499208688,0.0152679963284646,0.0129365581877963,0.0129557451486099,0.0152164836275294,0.852233856126735
2022-08-23,-0.002642421652896,6.98239219169363e-06,0.002642421652896,0.000369705072507842,0.000440390866533783,0.000369433710707962,0.000371797228207975,0.000438543973800095,0.0192277162582518,0.0209854918106244,0.0192206584358591,0.0192820441916301,0.0209414415406413,0.894606921675899
2022-08-24,0.0006264307024923,3.92415425024996e-07,0.0006264307024923,0.000317197744732426,0.000343754148053475,0.000317020135328299,0.000315868027668568,0.000337285863364196,0.0178100461743485,0.018540608082085,0.0178050592621395,0.0177726764351509,0.0183653440851021,0.71828095004606
2022-08-25,0.0167698744876435,0.000281228690331316,0.0167698744876435,0.000269865171296331,0.000271700083891877,0.00026976097769421,0.000266144617854599,0.000263582415864391,0.0164275735060395,0.0164833274520613,0.0164244018976099,0.016313939372653,0.0162352214602817,0.576126914801662
2022-08-26,-0.0436431062692956,0.00190472072483303,0.0436431062692956,0.000232614562794905,0.000234458058335396,0.000232535856657233,0.000228702024289274,0.000226786971886294,0.0152517068813594,0.0153120233259813,0.0152491264227572,0.0151228973510129,0.015059447927673,1.0928024841726
2022-08-29,-0.0133140471283418,0.000177263850935707,0.0133140471283418,0.000723764057087926,0.000760533915185276,0.0007232900179717,0.000725577577157318,0.000756229260947416,0.0269028633622506,0.0275777793737146,0.0268940517209977,0.026936547238971,0.0274996229237315,1.181648788789
2022-08-30,-0.0104871214234218,0.000109979715749592,0.0104871214234218,0.00066409943573181,0.000623080735027961,0.000663765850258891,0.000659948751589561,0.00061077142515488,0.0257701268086094,0.0249615851866015,0.0257636536667238,0.0256894677171319,0.024713790181898,1.181648788789
2022-08-31,-0.0097854802751493,9.5755624215336e-05,0.0097854802751493,0.000594942944918486,0.000509120853495601,0.000594733717133237,0.000586092576791398,0.00049345533609079,0.0243914522921143,0.0225637065548992,0.0243871629578604,0.0242093489543068,0.0222138545977683,1.13517554972177
2022-09-01,-0.0048908568152717,2.39204803874896e-05,0.0048908568152717,0.000532886974309494,0.000426918593947698,0.000532774345473441,0.000520892451975507,0.000410987018968722,0.0230843447883949,0.020662008468387,0.0230819051525961,0.022823068417185,0.020272814776659,1.0928024841726
2022-09-02,-0.0130868148768354,0.00017126472362056,0.0130868148768354,0.000459519425933517,0.000348612562105403,0.000459496169602739,0.000445525332751375,0.00033407977493057,0.0214364042211729,0.0186711692752597,0.0214358617648729,0.0211074710174236,0.018277849297184,1.08050066007242
2022-09-06,-0.0066462089111744,4.4172092890974e-05,0.0066462089111744,0.000440955654495445,0.000345268728522861,0.000440958830413241,0.000426658629961782,0.000333325265876274,0.020998944128109,0.01858140814155,0.0209990197488654,0.0206557166412057,0.0182571976457581,1.27732958496617
2022-09-07,0.0158620650650782,0.000251605108128774,0.0158620650650782,0.000388681882695889,0.000297523180711109,0.00038873550554053,0.000373887306492181,0.000287075478530405,0.0197150166800814,0.0172488602728154,0.0197163765824385,0.0193361657650161,0.0169433018780403,0.967050707255654
2022-09-08,0.0034250198347969,1.17307608687522e-05,0.0034250198347969,0.000331916558430492,0.000245985857217413,0.000331992429199015,0.000318070682080172,0.00023706700731154,0.018218577288869,0.0156839362794362,0.0182206594062623,0.0178345362171314,0.0153969804608417,0.826263570323408
2022-09-09,0.0195780795846903,0.000383301200224467,0.0195780795846903,0.000282238505092471,0.000208699660322006,0.000282348514903393,0.00026859133640208,0.000201401478266929,0.0167999555086456,0.0144464410953704,0.0168032292998517,0.0163887564019385,0.014191598862247,0.714180515818796
2022-09-12,0.0159078274603209,0.00025305897450734,0.0159078274603209,0.000243924546105851,0.00018679487504739,0.000244016363824212,0.000232429663907081,0.000181007915108958,0.015618083944769,0.0136672921622167,0.0156210231362805,0.0152456440961699,0.0134539182065656,0.861802144311807
2022-09-13,-0.054545536720664,0.0029752155761453,0.054545536720664,0.00021061720764524,0.000182307136627223,0.000210701645324704,0.000201100315497085,0.000178662554289936,0.0145126568086357,0.013502116005546,0.0145155656219351,0.0141809842922515,0.0133664712729252,1.3265368813669
2022-09-14,0.003629661767129,1.3174444543758e-05,0.003629661767129,0.000993538332137623,0.00102605974939727,0.000992958551535788,0.000995076412452822,0.00102717528223908,0.0315204430828252,0.032032167416478,0.0315112448426873,0.0315448317867257,0.0320495753831323,1.17481455793743
2022-09-15,-0.0232914887314398,0.000542493447326787,0.0232914887314398,0.000836715325713161,0.000745998500876591,0.000836382106427524,0.000829332188104317,0.000733207189831026,0.0289260319731753,0.0273129731240777,0.028920271548302,0.0287981282048733,0.0270777988365197,1.18985017866192
2022-09-16,-0.0055782801499794,3.11172094316542e-05,0.0055782801499794,0.000860127233767396,0.000719704950780939,0.000859844796229414,0.000849044696133347,0.000703267864747173,0.0293279258347295,0.0268273172490456,0.0293231102755048,0.0291383715422353,0.0265191980411771,1.19395061288919
2022-09-19,0.0081217777225594,6.59632733746621e-05,0.0081217777225594,0.000735996168280817,0.000549565485490995,0.000735881279624292,0.000719747760515934,0.000530373454983626,0.0271292493128877,0.0234428130882579,0.0271271317987046,0.0268281151129917,0.023029838362082,1.12013992899728
2022-09-20,-0.0058889176810037,3.4679351453638e-05,0.0058889176810037,0.000621316559740439,0.000426938175350613,0.000621326532136027,0.000602132057948225,0.000408647963890436,0.0249262223319226,0.0206624823133769,0.024926422369366,0.0245383792852793,0.0202150430098587,1.31150126064241
2022-09-21,-0.0157435827387143,0.000247860397450743,0.0157435827387143,0.000536955215811923,0.000359784909795952,0.000537046049296075,0.000516723580459216,0.00034467837211501,0.0231722941421846,0.0189679969895599,0.023174254018114,0.022731554730357,0.0185655156705923,1.42495121345918
2022-09-22,-0.0102360355615026,0.000104776424016346,0.0102360355615026,0.000527383360728631,0.000376727975697367,0.000527476468818004,0.000508015842017348,0.000365225519195677,0.0229648287763839,0.0194094815927002,0.0229668558757616,0.0225392067743598,0.0191108743702552,1.33747180715493
2022-09-23,-0.013166616692076,0.000173359795116054,0.013166616692076,0.000478872118078838,0.000353468669396332,0.000478999820837958,0.000459910194075952,0.000344187942171969,0.0218831468961582,0.0188007624684834,0.0218860645351776,0.0214455168759336,0.0185523028805582,1.68875659139326
2022-09-26,-0.0069742825371503,4.86406169079996e-05,0.0069742825371503,0.000457766463191391,0.00036538275113012,0.000457898786755206,0.000440020929118478,0.000358388979390053,0.0213954776341027,0.0191149876047598,0.0213985697362045,0.0209766758357581,0.0189311642375754,2.00860323587046
2022-09-27,0.0013013637029464,1.69354748734637e-06,0.0013013637029464,0.000404110333621551,0.000336642670660089,0.000404273756195764,0.000387160271636454,0.000330858080210049,0.0201024957062936,0.0183478246846892,0.0201065600289001,0.0196763886838122,0.0181895046719269,2.05507673564689
2022-09-28,0.0105101887248073,0.000110464067031066,0.0105101887248073,0.000342680339233412,0.00029231204845171,0.000342876037173316,0.000326675469271514,0.000287474427991107,0.0185116271363004,0.0170971356797479,0.0185169121932712,0.0180741657973892,0.0169550708636416,1.72429516538166
2022-09-29,-0.0264033112775577,0.000697134846419606,0.0264033112775577,0.000292090917903663,0.000267408039086672,0.000292293386617966,0.00027806932690841,0.000264218073879245,0.0170906675675253,0.0163526156649837,0.0170965899119668,0.0166754108467651,0.0162547861837443,1.95119507101519
2022-09-30,-0.0193435156932194,0.000374171599373825,0.0193435156932194,0.000446089909362951,0.000456982317382722,0.000446133465809895,0.000436177901317743,0.000456060922860886,0.0211208406405368,0.0213771447434573,0.0211218717402103,0.0208848725473186,0.0213555829435978,1.92112409027541
2022-10-03,0.0305114106329176,0.000930946178810517,0.0305114106329176,0.000486364836668333,0.000487495855985456,0.000486374193728654,0.000477043448496428,0.000484331972249164,0.0220536807963735,0.0220793083221702,0.0220538929381788,0.0218413243301872,0.0220075435305525,1.71336023959363
2022-10-04,0.0330111187413744,0.00108973396055712,0.0330111187413744,0.000420111246119331,0.000390813651336517,0.000420091565151801,0.000413436516395363,0.000384685484701837,0.0204966154796184,0.0197690073432258,0.0204961353711328,0.0203331383803721,0.0196134006409352,1.57257284195219
2022-10-05,0.0033128059073671,1.09746829798864e-05,0.0033128059073671,0.000366084585401888,0.00032395222581972,0.00036601236968755,0.000362927651340595,0.000317277267474149,0.0191333370168899,0.0179986728905139,0.0191314497539405,0.0190506601287356,0.0178122785593014,1.50149569397539
2022-10-06,-0.0082233731265039,6.76238655777065e-05,0.0082233731265039,0.000310867390475321,0.000284773075538825,0.000310858833700569,0.000306468045578073,0.000279245197792502,0.0176314318895353,0.016875220755262,0.0176311892310351,0.0175062287651588,0.0167106312804903,1.77076866515809
2022-10-07,-0.0419971269414678,0.00176375867133776,0.0419971269414678,0.000286626444455303,0.000284380070040184,0.000286643309456715,0.000282152438522589,0.000280645767515512,0.0169300456129127,0.0168635722799229,0.0169305436846167,0.0167973938014976,0.0167524854130816,1.88558551628701
2022-10-10,-0.0169515338023065,0.00028735449825074,0.0169515338023065,0.000730974918988857,0.00077341534117339,0.000730621262538681,0.000732595603699031,0.000773010350943155,0.0270365478378594,0.0278103459376792,0.0270300067062271,0.0270665033519114,0.0278030636970668,2.03457404309217
2022-10-11,-0.0154463155994314,0.000238588665597238,0.0154463155994314,0.000701004223429848,0.000686620334504472,0.000700746707013174,0.000698235600174847,0.000679048387016992,0.0264764843479992,0.0262034412721778,0.0264716207855351,0.0264241480501235,0.0260585568866926,2.19586439399752
2022-10-12,-0.0030837955911371,9.50979524791662e-06,0.0030837955911371,0.000662268484365166,0.000613556818407384,0.00066209818568558,0.000656027182200667,0.000602634782440003,0.0257345776022294,0.024770079095703,0.0257312686373132,0.0256130275875514,0.0245486207848833,2.1876630041246
2022-10-13,0.0305845027332198,0.000935411807438329,0.0305845027332198,0.000563260324793983,0.00048926787716674,0.000563213703315383,0.000553531799363965,0.000476650678812848,0.0237331060924183,0.0221194004703279,0.023732123868617,0.0235272565201293,0.0218323310439551,1.96486379342753
2022-10-14,-0.0285276273531586,0.000813825522400683,0.0285276273531586,0.000484594890349219,0.000400950237833289,0.000484540168599903,0.000477244520449173,0.000389331324675826,0.0220135160832889,0.0200237418539415,0.0220122731356828,0.0218459268617556,0.0197314805495134,1.97579871921556
2022-10-17,0.0300242035487059,0.000901452798734124,0.0300242035487059,0.000639287351067134,0.000579724321425237,0.000639119728975739,0.000633128697673027,0.000570856785025589,0.0252841323969626,0.0240774650124393,0.0252808174111467,0.0251620487574646,0.0238926094226978,1.88695241459916
2022-10-18,0.0084388943036676,7.12149370684735e-05,0.0084388943036676,0.000547989079162937,0.000457425460965731,0.000547848912081032,0.000542235672691024,0.000446091192927578,0.0234091665627578,0.0213875071236863,0.0234061725209619,0.0232859544079908,0.0211208710267256,1.76803486853378
2022-10-19,-0.0028877488165774,8.33909322764418e-06,0.0028877488165774,0.000463804145359681,0.000375629548978609,0.00046376214817047,0.000455464536487176,0.000364583580282214,0.021536112586994,0.0193811647993254,0.0215351375238346,0.0213416151330488,0.0190940718622879,1.80357344252218
2022-10-20,0.0005781010565496,3.34200831583764e-07,0.0005781010565496,0.000405892130426245,0.000327268580367992,0.000405889566174883,0.000398445180319916,0.00032091511858914,0.0201467647632627,0.0180905660599107,0.0201467011238784,0.0199610916615278,0.0179141039013717,1.69695772055699
2022-10-21,0.0264033112775578,0.000697134846419611,0.0264033112775578,0.000346616834725811,0.000287812820858381,0.000346615761457866,0.000338083514502039,0.000281902099112454,0.0186176484746547,0.0169650470337804,0.0186176196506929,0.0183870474655949,0.016789940414202,1.65731871234132
2022-10-24,0.0137382213460486,0.000188738725753025,0.0137382213460486,0.00030588456852334,0.000261905111272296,0.000305886009709777,0.000299276119115304,0.000256414768859701,0.0174895559841678,0.0161834826682113,0.0174895971854636,0.0172995988137096,0.0160129562810776,1.67918856391738
2022-10-25,0.0189373753726257,0.00035862418600373,0.0189373753726257,0.00026445411643945,0.000239979836332628,0.00026445650668144,0.000257796340403661,0.00023481544937032,0.0162620452723343,0.0154912825915941,0.0162621187636003,0.0160560375062984,0.0153236891566724,1.48919386987521
2022-10-26,-0.0225135418072538,0.000506859564706965,0.0225135418072538,0.000231768620245353,0.000221427182163642,0.000231772042990571,0.000225948917281579,0.000216591731596937,0.0152239489044516,0.0148804295019882,0.0152240613172232,0.0150315972964146,0.0147170558060006,1.32790377967906
2022-10-27,-0.0114496779677834,0.000131095125565945,0.0114496779677834,0.000337697726084154,0.000357489359939293,0.000337695475149585,0.000333298452101356,0.000352988861934222,0.0183765537053103,0.0189073890301991,0.0183764924604666,0.0182564632966343,0.0187879978160053,1.34293913969435
2022-10-28,0.0425664356017677,0.00181190143983944,0.0425664356017677,0.000327594924286362,0.000336664495067411,0.000327592253267198,0.000322208852244203,0.000331206481665738,0.018099583539031,0.0183484194160536,0.0180995097521231,0.0179501769418633,0.0181990791433451,1.11877303068512
2022-10-31,-0.0132844314867997,0.000176476119927475,0.0132844314867997,0.0003055222601429,0.000281517350106999,0.000305524655160717,0.000305358602461631,0.000275232787826679,0.0174791950656459,0.0167784787780954,0.0174792635760411,0.0174745129391818,0.0165901412841084,1.13654218732473
2022-11-01,-0.0084031241491741,7.06124954664329e-05,0.0084031241491741,0.000312679250716765,0.000299178978906702,0.000312679905022343,0.00031106719474153,0.000292867856141634,0.017682738778729,0.0172967910002608,0.0176827572799703,0.0176370971177666,0.0171133823699944,1.12697415984885
2022-11-02,-0.035153188306715,0.00123574664812736,0.035153188306715,0.000289817193995179,0.000280182646128303,0.000289817599110391,0.000286810077171826,0.000274088093751814,0.0170240181506946,0.016738657237912,0.0170240300490334,0.0169354680234066,0.0165556061124869,1.13380865140961
2022-11-03,-0.0298481787019419,0.000890913771823058,0.0298481787019419,0.000575694322384029,0.000591382723000159,0.000575682066415595,0.000575567202261936,0.000585486278518275,0.0239936308712131,0.0243183618486147,0.0239933754693998,0.0239909816860823,0.0241968237278837,1.05726391018421
2022-11-04,0.0180981949607354,0.000327544660836788,0.0180981949607354,0.000728155553176376,0.000702124863573119,0.000728137009453809,0.000727043000218398,0.000693865201852755,0.0269843575646406,0.0264976388301509,0.026984013961118,0.026963734908547,0.0263413211865456,0.95474888315547
2022-11-07,0.0165577980394538,0.00027416067591534,0.0165577980394538,0.000623109443240132,0.000520887114691206,0.000623096450417362,0.000618017371390849,0.000510060127050996,0.0249621602278355,0.0228229514894811,0.0249618999761108,0.0248599551767667,0.0225845107773225,0.927411699039991
2022-11-08,0.0095470230103691,9.11456483605171e-05,0.0095470230103691,0.000533628051941948,0.000403582469844633,0.00053361933607092,0.000525891005085359,0.000392587900839843,0.0231003907313696,0.020089362106464,0.0231002020785733,0.0229323135571917,0.0198138310490385,1.09006894825749
2022-11-09,-0.0263526890550135,0.000694464220430228,0.0263526890550135,0.000455569951080412,0.000326928347337312,0.000455564219005612,0.000445754798666529,0.000316898223036545,0.0213440846859361,0.018081160010832,0.0213439504076826,0.0211129059739897,0.017801635403427,1.16524653046155
2022-11-10,0.0789736533946709,0.00623683793050161,0.0789736533946709,0.000575696589305068,0.000467517246420454,0.000575685268345733,0.000566647518312459,0.000458522638134791,0.0239936781112248,0.0216221471278977,0.0239934421946025,0.0238043592291929,0.0214131417156565,0.815328644535378
2022-11-11,0.0169675948735662,0.00028789927579347,0.0169675948735662,0.000578261603849634,0.000358073786425415,0.000578266870448746,0.000589853230852452,0.000348578503230073,0.024047070587696,0.0189228376948442,0.0240471800934901,0.024286894219979,0.01867025718168,0.677275043518244
2022-11-14,-0.0085992327067402,7.39468031446704e-05,0.0085992327067402,0.000495925149061138,0.000288710440464718,0.000495931758944881,0.000502405781730035,0.000279718782769616,0.0222693769347312,0.0169914814087742,0.0222695253417059,0.0224144101356702,0.016724795447766,0.842665828650857
2022-11-15,0.012048339225573,0.000145162478094481,0.012048339225573,0.000445567274008378,0.000269826929610139,0.000445573198518688,0.000447588837017189,0.000261554008690311,0.0211084645109107,0.0164264095166941,0.0211086048453868,0.0211562954464431,0.0161726314708,0.953382245552512
2022-11-16,-0.0137921906422869,0.000190224522713186,0.0137921906422869,0.000381883362035351,0.000230933012743067,0.000381889852936327,0.000380789056234892,0.000223307479958869,0.0195418361991741,0.0151964802748224,0.0195420022755174,0.0195138170595835,0.0149434761671731,0.894606921675899
2022-11-17,0.0012891803749867,1.66198603925085e-06,0.0012891803749867,0.000380888198441294,0.000263096059846212,0.000380892381716009,0.000378006110470668,0.000256450990523207,0.0195163572021342,0.0162202361217774,0.0195164643753936,0.0194423792389375,0.0160140872522666,0.870003273475531
2022-11-18,0.0011361126450807,1.29075194231226e-06,0.0011361126450807,0.000325456952586374,0.000223163111652344,0.00032546151332326,0.000320438186332365,0.000216930583406249,0.0180404255101251,0.0149386449068295,0.0180405519129338,0.0179007873104052,0.0147285635214792,0.759287117283072
2022-11-21,-0.0108085020039448,0.000116823715569279,0.0108085020039448,0.00027862356400177,0.000193946305579346,0.000278628283813013,0.000272249111523136,0.000188328463181996,0.0166920209681683,0.0139264606264243,0.0166921623468325,0.0164999730764367,0.013723281793434,0.655405191942183
2022-11-22,0.0191767497013139,0.000367747729106843,0.0191767497013139,0.000273795807116053,0.000208399150410427,0.000273799016871849,0.000267080475473181,0.000203494325970801,0.0165467763360738,0.0144360365201265,0.0165468733261559,0.0163425969623307,0.0142651437416803,0.509150461761325
2022-11-23,0.0088196984523935,7.77870807911523e-05,0.0088196984523935,0.000239786733507781,0.000177451052862353,0.000239790894202233,0.000233554072214934,0.000172693808570863,0.0154850487086022,0.0133210755144753,0.0154851830535591,0.0152824759844383,0.0131413016315304,0.380664888220069
2022-11-25,-0.0058210485275432,3.38846059600129e-05,0.0058210485275432,0.000207138478850749,0.00015723809254862,0.000207142752773556,0.000200566706487039,0.000152869316496,0.0143923062380825,0.0125394614138176,0.014392454716745,0.0141621575505655,0.0123640331808031,0.401167841483977
2022-11-28,-0.0216397563338348,0.000468279054187743,0.0216397563338348,0.000190191836455403,0.000161958430151371,0.000190195439122761,0.000183609444064867,0.000158189610304199,0.0137910056361167,0.0127262889387037,0.0137911362520556,0.0135502562361332,0.0125773451214554,0.63490197796908
2022-11-29,-0.0098385459733085,9.67969868689049e-05,0.0098385459733085,0.000292470769276235,0.000288794865202754,0.000292468960633388,0.000287511697325642,0.000285432939886853,0.0171017767871129,0.0169939655525941,0.0171017239082318,0.0169561698896196,0.0168947607229831,0.591162274816958
2022-11-30,0.0489889251994958,0.00239991479220179,0.0489889251994958,0.000280003708353092,0.000263614979798762,0.000280001669300318,0.000273911810761288,0.000258830243129535,0.0167333113385573,0.0162362243085873,0.0167332504104946,0.0165502812894914,0.0160882019856022,0.412102767272007
2022-12-01,0.0013962752024448,1.94958444096227e-06,0.0013962752024448,0.000273658272517117,0.000212752559672098,0.000273662316121753,0.000275162355482759,0.000207138365695772,0.0165426198806935,0.0145860398899804,0.0165427420980245,0.0165880184314691,0.0143923023069894,0.310954638555425
2022-12-02,-0.0058192048140507,3.38631446678708e-05,0.0058192048140507,0.000234862670250983,0.000176100707429517,0.000234866804007611,0.000234117193054908,0.000170677579922086,0.0153252298596459,0.013270294172682,0.0153253647267401,0.0153008886361188,0.0130643629742168,0.20433891659023
2022-12-05,-0.0167621042111071,0.000280968137584014,0.0167621042111071,0.000213608935314823,0.000169754114452439,0.000213612499205314,0.00021150944517345,0.000164886710150753,0.0146153664105565,0.0130289721180314,0.0146154883327692,0.014543364300376,0.0128408220200559,0.435339517160222
2022-12-06,-0.0216435111033951,0.000468441572882787,0.0216435111033951,0.000262913692941628,0.000242239123608891,0.000262913927214945,0.000260810674064501,0.000237952420761278,0.0162146135612795,0.0155640330123298,0.0162146207854191,0.0161496338678157,0.0154257064914797,0.629434645429662
2022-12-07,-0.0050793759618121,2.58000601614346e-05,0.0050793759618121,0.000353953951228992,0.000345144123337707,0.000353949504355186,0.000352176648808493,0.000340771123823538,0.0188136639501452,0.0185780548857437,0.018813545767749,0.0187663701553735,0.0184599871024749,0.699144895094306
2022-12-08,0.0162253896846479,0.000263263270418679,0.0162253896846479,0.000311846822838102,0.000285337349345163,0.000311843583766626,0.000308219162410423,0.000280234159221863,0.0176591852257714,0.0168919314865164,0.0176590935148616,0.0175561716330874,0.0167401959134851,0.645837164466306
2022-12-09,-0.0061685175152029,3.8050608335365e-05,0.0061685175152029,0.000270502520487747,0.000237089565743939,0.000270501127204723,0.000266531856352169,0.000232088640802671,0.0164469608283034,0.0153977130036879,0.0164469184713953,0.0163258033907116,0.0152344557107457,0.719647848358213
2022-12-12,0.0216118419545932,0.000467071712670315,0.0216118419545932,0.000244938677318957,0.000225876601395004,0.000244937622312237,0.000240112558295625,0.000221070228008381,0.0156505168387167,0.0150291916414358,0.0156504831335086,0.01549556576236,0.0148684305832317,1.01625800365639
2022-12-13,0.0117423359754523,0.000137882454160401,0.0117423359754523,0.00021677814672784,0.000196398627789964,0.00021677882816179,0.000212863916286746,0.000191749040781177,0.0147233877462981,0.0140142294754283,0.0147234108874877,0.0145898566232416,0.0138473477886986,0.681375477745509
2022-12-14,-0.0084584612325266,7.15455664221554e-05,0.0084584612325266,0.00018848900648103,0.000172023716965757,0.000188490394892617,0.000184335929436168,0.000167700635779144,0.0137291298515613,0.0131157812182789,0.0137291804159104,0.0135770368429996,0.0129499280221607,0.488647247788222
2022-12-15,-0.0381215200902255,0.00145325029398947,0.0381215200902255,0.000185153158922266,0.000185418341042859,0.000185153815432102,0.000180844999798833,0.000181503467183721,0.0136070995778772,0.0136168403472634,0.0136071237016535,0.0134478622761699,0.0134723222639499,0.719647848358213
2022-12-16,-0.0133246218130418,0.000177545546460589,0.0133246218130418,0.00054326472200225,0.000578831175630569,0.000543250128355523,0.000543904168391709,0.000575701971933201,0.0233080398575738,0.0240589105245971,0.0233077267951107,0.0233217531157439,0.023993790278595,0.690943765930582
2022-12-19,-0.0134240621995851,0.00018020544593833,0.0134240621995851,0.000513828652090306,0.000487177135690374,0.000513815629335561,0.000511743982911317,0.000481782722637698,0.0226677888663695,0.0220720895179948,0.0226675016121222,0.0226217590587319,0.0219495494859849,0.663606321105907
2022-12-20,0.0015137273034169,2.2913703491098e-06,0.0015137273034169,0.000489674154375977,0.000423536433754334,0.000489662344840792,0.000485577831829023,0.000417457487278981,0.0221285822947603,0.0205800008200761,0.0221283154542046,0.0220358306362393,0.020431776410263,0.535120747564651
2022-12-21,0.0164235943211582,0.00026973445042598,0.0164235943211582,0.000417369953157593,0.000320421836381153,0.000417361318887487,0.000411135689305505,0.000314396642015334,0.0204296341904987,0.0179003306221185,0.0204294228721099,0.0202764811864757,0.0177312335164628,0.342392517607364
2022-12-22,-0.0255408338528681,0.000652334193899813,0.0255408338528681,0.000359744259921693,0.000257721320422562,0.000359738627519891,0.000353233857587637,0.000252566680131718,0.0189669254208924,0.0160537011440528,0.0189667769407427,0.0187945166893868,0.0158923465898437,0.602097200604987
2022-12-23,0.0010438880911338,1.08970234681097e-06,0.0010438880911338,0.000483775544165375,0.000400762362018038,0.00048376447726501,0.000478722989397783,0.000396625437226261,0.0219948981394635,0.0200190499779095,0.02199464655922,0.0218797392442822,0.0199154572437155,0.451742036196865
2022-12-27,-0.0095155012453957,9.05447639511271e-05,0.0095155012453957,0.000412382028843426,0.000310398806205527,0.000412374003714376,0.000405362680693439,0.000305752819687671,0.0203071915548021,0.0176181385567695,0.0203069939605638,0.0201336206553476,0.0174857890782107,0.558357497452866
2022-12-28,-0.0162551896400099,0.000264231190232685,0.0162551896400099,0.000379589222574146,0.000281360961058798,0.000379582352861285,0.000371937159765005,0.000277329111231144,0.0194830496220213,0.0167738177246207,0.0194828733214915,0.0192856723959784,0.0166532012307287,0.625333950493203
2022-12-29,0.0258510314845382,0.000668275828814585,0.0258510314845382,0.000398702605494306,0.000309735905673821,0.000398694687305932,0.00039130788570739,0.000306266300046968,0.0199675387941104,0.0175993154887859,0.0199673405166019,0.019781503626049,0.0175004657094309,0.529653415025233
2022-12-30,-0.0013652277569114,1.86384682824133e-06,0.0013652277569114,0.000349487388138314,0.000249594005941874,0.000349483138060688,0.00034364326222245,0.000246274256251578,0.0186945817855954,0.015798544424784,0.018694468113875,0.0185376174904557,0.0156931276758834,0.561091294077172
2023-01-03,-0.0095276674101088,9.07764462776493e-05,0.0095276674101088,0.0003059797882381,0.0002176464369997,0.000305927975536369,0.000300677131701063,0.000215332267518845,0.0174922779602343,0.0147528450476408,0.0174907968811135,0.0173400441666411,0.014674204152827,0.729215875834092
2023-01-04,0.0025928050139364,6.72263784029373e-06,0.0025928050139364,0.000289887218901045,0.000220323883473711,0.000289834265088333,0.000284584450439698,0.000218396727546064,0.0170260746768316,0.0148433110684143,0.0170245195259171,0.0168696310107749,0.0147782518433698,0.607564793853601
2023-01-05,-0.0196118476208112,0.000384624567101918,0.0196118476208112,0.000247899049045411,0.000192477610537311,0.000247862379534237,0.000242343942782008,0.000190526322354772,0.0157448102257668,0.0138736300418207,0.0157436456875222,0.0155674000007069,0.0138031272672091,0.669073653645325
2023-01-06,0.0288744592076465,0.000833734394534042,0.0288744592076465,0.000322157633782834,0.000288406725767497,0.000322068872832404,0.000317521382166176,0.000286700924191015,0.0179487502011375,0.016982541793486,0.0179462774087665,0.0178191296691554,0.0169322451019058,0.487280349476068
2023-01-09,0.011557971464151,0.000133586704366129,0.011557971464151,0.000289317217998135,0.000236030974950117,0.000289284214637969,0.000286963678898423,0.000233759972499687,0.0170093273822963,0.0153632996114154,0.0170083571998582,0.0169400023287608,0.0152892109835559,0.602097200604987
2023-01-10,0.0061627681576115,3.79797113644702e-05,0.0061627681576115,0.000249429796642259,0.000196533842234445,0.000249414604068019,0.000246629688038684,0.000194146369504384,0.0157933465941281,0.0140190528294334,0.0157928656065965,0.0157044480335567,0.0139336416454703,0.412102767272007
2023-01-11,0.0171798613229097,0.000295147635074409,0.0171798613229097,0.000214257340722547,0.000172032659025466,0.000214252064115531,0.000210883300791362,0.00016955538090352,0.0146375319204621,0.0131161221031777,0.014637351676978,0.0145218215383388,0.013021343283376,0.481813016936651
2023-01-12,0.0074051837537738,5.48367464271554e-05,0.0074051837537738,0.000188945751044875,0.000148097492251302,0.000188957533563022,0.000186148378479472,0.000145745852406991,0.0137457539278453,0.0121695313077909,0.0137461825087194,0.013643620431523,0.0120725246906764,0.172901037538291
2023-01-13,0.0028395201249902,8.06287454022436e-06,0.0028395201249902,0.000163558182391747,0.000130574080740361,0.000163574049267303,0.00016043878953072,0.000128241595228912,0.0127889867617316,0.0114269016246908,0.0127896070802548,0.0126664434444212,0.0113243805671177,0.107291482810107
2023-01-17,0.0045110512892526,2.03495837342675e-05,0.0045110512892526,0.000141468622419916,0.000122361456059726,0.000141485345461916,0.000138018024275052,0.000119962637024922,0.0118940582821809,0.0110617112627173,0.0118947612612408,0.0117481072635149,0.010952745638648,0.245345083827241
2023-01-18,-0.0129767236477224,0.000168395356629358,0.0129767236477224,0.000123022558056902,0.000120230530363841,0.000123039619306142,0.000119621101222619,0.000118048536314009,0.011091553455531,0.0109649683247988,0.0110923225388618,0.0109371431929283,0.0108650143264521,0.379297989907915
2023-01-19,-0.0117386506130911,0.000137795918216224,0.0117386506130911,0.000157563150261243,0.000174220079469943,0.000157548904499419,0.000154761635925051,0.000172351591849113,0.0125524161124958,0.0131992454128993,0.0125518486486819,0.0124403229831484,0.01312827451911,0.403901638108283
2023-01-20,0.0266970589200415,0.000712732954980167,0.0266970589200415,0.000178118261980771,0.000198552930086614,0.000178083807719311,0.000175455501255033,0.000196468772114004,0.0133460953833236,0.0140908810968872,0.0133448045215848,0.0132459616961183,0.0140167318628133,0.312321536867578
2023-01-23,0.0225100606179527,0.000506702829023905,0.0225100606179527,0.000165808415931494,0.000169033263369646,0.000165811013391788,0.000165154271206644,0.000166452990089273,0.0128766616765175,0.0130012792974248,0.0128767625353498,0.0128512361742614,0.0129016661749277,0.306853943618965
2023-01-24,-0.0004466647068485,1.99509360344056e-07,0.0004466647068485,0.00015180976063956,0.000147360289937232,0.000151834843192316,0.000152167480192218,0.000144647765784027,0.0123211103655295,0.0121392046665847,0.0123221281924964,0.0123356183546759,0.0120269599560332,0.22347523225118
2023-01-25,-0.0020876979926426,4.35848290848394e-06,0.0020876979926426,0.000132008954260729,0.000133178596936487,0.000132032282063263,0.000131556191405771,0.000130488945428981,0.0114895149706473,0.0115403031561778,0.0114905301036663,0.0114697947412223,0.0114231758031198,0.207072713214536
2023-01-26,0.0158448861337683,0.000251060416592083,0.0158448861337683,0.000117211549331043,0.000124687264715986,0.000117231296613745,0.00011609169046601,0.000121899687322457,0.010826428281342,0.0111663451816602,0.0108273402372764,0.0107745853964786,0.0110408191418236,0.159232315125954
2023-01-27,0.0041789610045914,1.74637150778956e-05,0.0041789610045914,0.000106413071179453,0.000115569651783798,0.000106440629735523,0.000105616782006698,0.000112743990600571,0.0103156711453716,0.0107503326359605,0.010317006820562,0.0102770025788991,0.0106180973154596,0.129161334386169
2023-01-30,-0.0192776904387615,0.000371629348652717,0.0192776904387615,9.34430258967845e-05,0.000114363600645484,9.34678187593575e-05,9.22408608231251e-05,0.000111570302895159,0.00966659329323337,0.010694091856978,0.0096678756073585,0.00960421057782081,0.010562684454965,0.324623360967762
2023-01-31,0.0138495073132589,0.000191808852820012,0.0138495073132589,0.00018847468844027,0.000226846664973157,0.000188434037725418,0.000187772298231704,0.00022404936772177,0.0137286083941625,0.0150614297121208,0.0137271278032011,0.0137030032559182,0.0149682787160638,0.25081241636666
2023-02-01,0.0232634508664179,0.00054118814621424,0.0232634508664179,0.000165444890276039,0.000181244810823937,0.000165421768079414,0.000164010728856826,0.000177272124552145,0.0128625382516842,0.013462719295296,0.0128616394009245,0.0128066673594978,0.0133143578347641,0.0416819280819237
2023-02-02,0.0269405415419829,0.000725792778575306,0.0269405415419829,0.000152108581616443,0.000153876373915192,0.000152113325681524,0.00015163249000555,0.000149679718170716,0.0123332307858259,0.0124046916090321,0.0123334231128881,0.0123139144875035,0.0122343662758116,0.159232315125954
2023-02-03,-0.0083589252672411,6.98716316233217e-05,0.0083589252672411,0.000144122961382297,0.000134344282942913,0.000144158135621388,0.000145173719985514,0.000130149062550855,0.0120051222976818,0.0115906981214642,0.0120065871762707,0.0120488057493477,0.011408289203507,0.1045576861858
2023-02-06,-0.0122778502763435,0.000150745607408308,0.0122778502763435,0.000147505085362069,0.000149745596771784,0.000147522966214231,0.000147552883254231,0.000145637074715061,0.0121451671607298,0.0122370583381703,0.0121459032687664,0.0121471347755029,0.0120680186739606,0.254913111303119
2023-02-07,0.0246856818162363,0.000609382886732459,0.0246856818162363,0.000173268748495042,0.000182187418876914,0.000173258854992375,0.000172619709418611,0.000178054775406065,0.0131631587582557,0.0134976819816187,0.0131627829501354,0.0131384820058716,0.0133437167013567,0.149664287650077
2023-02-08,-0.0121255283464796,0.00014702843768128,0.0121255283464796,0.000159900057407536,0.000157554297064205,0.000159918974577417,0.000160303757813059,0.00015324884018528,0.0126451594457142,0.0125520634584201,0.0126459074240411,0.0126611120290857,0.012379371558576,0.282250295418597
2023-02-09,-0.0055157454623063,3.04234480049525e-05,0.0055157454623063,0.0001826734125413,0.00019320000590246,0.000182665446340969,0.000182338782770962,0.000188961820946471,0.013515672848264,0.0138996404954394,0.0135153781427295,0.0135032878504075,0.0137463384559842,0.429871923911609
2023-02-10,-0.0046192908651961,2.13378480972841e-05,0.0046192908651961,0.000168352773082811,0.000179911954060316,0.00016834264802428,0.000166982422055006,0.000175493119474341,0.0129750827774936,0.0134131261852081,0.0129746925984503,0.0129221678543117,0.0132473816082402,0.405268536420436
2023-02-13,0.0171618162341103,0.000294527936453372,0.0171618162341103,0.000153487247831191,0.000167388714943936,0.000153476501101895,0.000151342645580213,0.000162980425656018,0.0123889970470249,0.0129378790744053,0.0123885633187184,0.0123021398780949,0.012766378721314,0.379297989907915
2023-02-14,0.0042625751043993,1.81695465206447e-05,0.0042625751043993,0.00013772940921418,0.00014528466725193,0.000137734295892243,0.00013590104482712,0.000140947942178081,0.0117358173645545,0.0120534089473447,0.0117360255577535,0.0116576603496208,0.011872149854937,0.183835963326322
2023-02-15,0.0046605612590985,2.17208312498098e-05,0.0046605612590985,0.000119840572790737,0.000128299113395436,0.000119847409382693,0.000117427810340346,0.000124160374072166,0.0109471719083395,0.0113269198547282,0.0109474841576818,0.0108364113220358,0.0111427274072449,0.0908889637734637
2023-02-16,-0.0175024146314052,0.000306334517929627,0.0175024146314052,0.000104818408435403,0.000123597336584643,0.000104826362671414,0.000102116039320308,0.00011972285854115,0.01023808617054,0.0111174339028682,0.0102384746262035,0.0101052481078055,0.0109417941189345,0.356061240019701
2023-02-17,-0.0125796799701333,0.000158248348150973,0.0125796799701333,0.000180243534742774,0.000215846382757475,0.000180199207795935,0.000178094275096208,0.000212284612935519,0.0134254808011771,0.0146917113624477,0.0134238298482935,0.0133451967050399,0.014569990148779,0.335558286755793
2023-02-21,-0.0240314693252897,0.00057751151793234,0.0240314693252897,0.000202949911885953,0.000242629076624545,0.00020288759971058,0.000200558589847118,0.000238732551124082,0.0142460489921225,0.0155765553516991,0.0142438618257332,0.0141618709868124,0.0154509724976806,0.725115441606827
2023-02-22,-0.0014663794305491,2.1502686343375e-06,0.0014663794305491,0.000336507619108786,0.000381988774942149,0.000336366109742057,0.000334740697946083,0.00037785310010045,0.0183441440004375,0.0195445331216212,0.0183402865228997,0.0182959202541464,0.0194384438703424,0.645837164466306
2023-02-23,0.0164452342707533,0.000270445730219959,0.0164452342707533,0.000288645790026342,0.000297120815803588,0.000288534679268617,0.000285297239807753,0.000292045659532022,0.0169895788654793,0.0172371928051985,0.0169863085827562,0.0168907442052668,0.0170893434494138,0.488647247788222
2023-02-24,-0.0179869811485474,0.0003235314908382,0.0179869811485474,0.000251199683306244,0.000240800655350933,0.000251123981793677,0.000247769028242101,0.000235680846134839,0.0158492802141373,0.0155177529091983,0.0158468918653999,0.0157406806791225,0.0153519004079247,0.561091294077172
2023-02-27,0.0053499611745778,2.86220845694899e-05,0.0053499611745778,0.000308286884612672,0.000301912184836761,0.000308174733870835,0.000304858969422252,0.000297139506143159,0.0175581002563681,0.0173756204158804,0.017554906262092,0.0174602110360171,0.0172377349481641,0.462676961984896
2023-02-28,-0.0021952808528513,4.81925802289553e-06,0.0021952808528513,0.000263707970076362,0.000240693326640683,0.00026362277072281,0.000259232444271914,0.00023573694734093,0.016239087723033,0.0155142942682122,0.0162364642309467,0.0161006970119903,0.0153537274738394,0.428505286308651
2023-03-01,-0.0073514928281235,5.40444468019513e-05,0.0073514928281235,0.000228355272333877,0.000202553610125404,0.000228288236518645,0.000223127338659615,0.000197674709668789,0.0151114285338573,0.0142321330139022,0.0151092103208157,0.0149374475282632,0.0140596838395744,0.412102767272007
2023-03-02,0.0122471472803299,0.000149992616506092,0.0122471472803299,0.000213877590210508,0.000190588784281673,0.000213815197877229,0.000208700779412958,0.000186612753395764,0.0146245543593816,0.013805389682355,0.0146224210675671,0.0144464798277282,0.0136606278551084,0.27678296287918
2023-03-03,0.0212752185385012,0.000452634923860985,0.0212752185385012,0.000186139838180874,0.000159267878308335,0.000186097768532897,0.000181352045175604,0.000155872556922721,0.013643307450207,0.0126201378086111,0.0136417655944125,0.0134667013472344,0.01248489314823,0.126427537761862
2023-03-06,0.0047693832776702,2.27470168493201e-05,0.0047693832776702,0.000167994370609493,0.000138874257545885,0.000167980413701396,0.000164778754143104,0.000136056859440333,0.0129612642365432,0.0117844922481151,0.0129607258169207,0.0128366177065107,0.0116643413633318,0.142830056798505
2023-03-07,-0.01250582023881,0.00015639553984543,0.01250582023881,0.000145408394044628,0.000128653647232506,0.000145400684439403,0.000142301757745275,0.000126569791236732,0.0120585402949373,0.0113425591130267,0.0120582206166334,0.0119290300420979,0.0112503240502988,0.27678296287918
2023-03-08,0.0082356866508573,6.78265346111091e-05,0.0082356866508573,0.00017308028206375,0.000171413564546381,0.000173047925668341,0.000170512067824513,0.000169888514096858,0.0131559979501272,0.0130925003168372,0.0131547681723526,0.0130580269499076,0.0130341288200193,0.211173408150996
2023-03-09,-0.0144391328322029,0.000208488556946,0.0144391328322029,0.000150398694302696,0.000160504287651076,0.000150377339090121,0.000148228919064589,0.000159406548006721,0.0122637145393513,0.0126690286782798,0.0122628438418713,0.0121749299408493,0.0126256305983789,0.689576867618428
2023-03-10,-0.0177399672855293,0.00031470643929165,0.0177399672855293,0.00019175364453291,0.000227507358358089,0.000191701720554148,0.000190647407174282,0.000227164884796852,0.0138475140199572,0.0150833470542214,0.0138456390446287,0.0138075127077357,0.0150719900742023,0.988920558831715
2023-03-13,0.0054356460015724,2.954624745441e-05,0.0054356460015724,0.00025578546042144,0.000309367983935851,0.000255692657451986,0.000255628120566523,0.000309187201696464,0.0159932942329415,0.0175888596542201,0.0159903926609695,0.0159883745442282,0.0175837197912292,1.22402185433817
2023-03-14,0.0228132494906202,0.000520444352321283,0.0228132494906202,0.00021948356940061,0.000255919568553852,0.000219412905433471,0.000218998015378122,0.000255351801954475,0.0148149778737807,0.015997486319852,0.0148125927991514,0.0147985815326376,0.0159797309725313,0.842665828650857
2023-03-15,0.000572718299482,3.28006250561554e-07,0.000572718299482,0.000197278128232645,0.000228596228128046,0.0001972440830106,0.000198543713143247,0.00022812590483747,0.0140455732610899,0.0151193990663665,0.0140443612532076,0.0140905540396127,0.0151038374209162,1.17208076131313
2023-03-16,0.0276656774541189,0.000765389708995343,0.0276656774541189,0.000170907985222647,0.000201441941626901,0.000170990557828489,0.000171728979188638,0.000180802367396804,0.0130731780842551,0.0141930244002785,0.013076335795187,0.0131045404035639,0.0134462770831485,0.741517699934275
2023-03-17,-0.0013932441707431,1.94112931930963e-06,0.0013932441707431,0.000164901745814369,0.000191377747026555,0.000165049615512723,0.000167947785848753,0.00017346789278914,0.0128414074701479,0.0138339346184141,0.0128471637147163,0.0129594670356752,0.0131707210428716,1.08596825332103
2023-03-20,0.0026932800682146,7.25375752584204e-06,0.0026932800682146,0.000143928346360236,0.000181604515345566,0.000144047002134172,0.000146498372673279,0.000157128108578699,0.0119970140601833,0.0134760719553424,0.0120019582624742,0.0121036512124763,0.012535075132551,0.900074254215318
2023-03-21,0.0080491706324533,6.47891478703486e-05,0.0080491706324533,0.000124893696942684,0.000163736689186404,0.000124986563050042,0.000126900250109801,0.0001405615973841,0.0111755848590883,0.0127959637849755,0.0111797389526787,0.0112650011145051,0.0118558676352302,0.521452025152314
2023-03-22,-0.0100021939978311,0.000100043884770248,0.0100021939978311,0.000109984835804537,0.000155074840490821,0.000110061491219569,0.000111804319088786,0.000127900976407089,0.0104873655321314,0.0124529049017015,0.010491019551005,0.01057375614854,0.0113093313863857,0.641736469529847
2023-03-23,0.0161343147018003,0.000260316110896729,0.0161343147018003,0.000126718147238763,0.000184343216873526,0.000126789505542285,0.000128556120357735,0.000143361430591914,0.0112569155295207,0.0135773052139784,0.0112600846152365,0.0113382591414086,0.0119733633784294,0.689576867618428
2023-03-24,0.0026070209605782,6.79655828889408e-06,0.0026070209605782,0.000115895437681604,0.000166813205913015,0.000115975534797526,0.000118231550512785,0.000132615432753329,0.0107654743361175,0.0129156186810007,0.0107691937858656,0.0108734332440488,0.0115158774200375,0.570659321553049
2023-03-27,-0.0077718180990547,6.04011565647942e-05,0.0077718180990547,0.000101242253596996,0.000151244936094368,0.00010130259332235,0.0001032475074228,0.000119536146545604,0.0100619209695264,0.0122981679974851,0.0100649189426617,0.0101610780640048,0.0109332587340465,0.414836563896314
2023-03-28,-0.0047065401688368,2.21515203608743e-05,0.0047065401688368,0.000108195676267903,0.000160277850273419,0.000108248872537155,0.000110137128305326,0.000125054600518791,0.0104017150637721,0.0126600888730459,0.0104042718407948,0.0104946237810284,0.0111827814303415,0.328723795195026
2023-03-29,0.0207340025627288,0.000429898862271244,0.0207340025627288,0.000102854294718699,0.000150891981105327,0.000102896671392908,0.000104593247079288,0.000119408178637205,0.0101417106406513,0.0122838097146336,0.0101437996526404,0.0102270839968824,0.0109274049360864,0.212540306463149
2023-03-30,0.0115524194208439,0.000133458394475091,0.0115524194208439,9.96729792829732e-05,0.000135192778944659,9.97480456945618e-05,0.000102401538202646,0.000113292654937804,0.00998363557442744,0.0116272429640332,0.00998739433959438,0.0101193645157513,0.0106439022420259,0.198871584050812
2023-03-31,0.0142053976263016,0.000201793321721335,0.0142053976263016,9.02164271527666e-05,0.000123721744330149,9.02854891635482e-05,9.2801590656906e-05,0.000103820462690763,0.00949823284368027,0.0111230276602258,0.00950186766712462,0.00963335822322133,0.0101892326841016,0.15513188089869
2023-04-03,-0.001590739136016,2.53045099885293e-06,0.001590739136016,8.37763278873197e-05,0.000115639536187524,8.38479249016261e-05,8.62486456526422e-05,9.67298602311538e-05,0.00915294094197705,0.0107535824815512,0.00915685125475051,0.00928701489460646,0.00983513397118483,0.134628666925586
2023-04-04,-0.005519992570915,3.04703179829568e-05,0.005519992570915,7.5749605863627e-05,0.000113841454090645,7.58041684798095e-05,7.78241118774411e-05,8.99093502449066e-05,0.00870342495019214,0.0106696510763307,0.00870655893449355,0.00882179754230628,0.00948205411526989,0.196137787426506
2023-04-05,-0.0114702787253578,0.000131567294037396,0.0114702787253578,7.79970718979448e-05,0.000122940063324157,7.80417584478964e-05,7.97970435184302e-05,9.21036108925622e-05,0.00883159509363653,0.0110878340231155,0.00883412465657444,0.00893291909279549,0.00959706261793483,0.207072713214536
2023-04-06,0.0056510270027928,3.19341061862934e-05,0.0056510270027928,0.000108452836347879,0.000157879231277414,0.000108500588290432,0.000110140654560113,0.000118405145222463,0.0104140691541721,0.0125650002497976,0.010416361566806,0.0104947917825993,0.0108814128320941,0.114125713661679
2023-04-10,-0.0005367248149941,2.88073527030451e-07,0.0005367248149941,9.54322256290596e-05,0.000139612514304467,9.54675067220056e-05,9.66466633399251e-05,0.00010692805034893,0.00976894188891815,0.0118157739612971,0.00977074750067801,0.00983090348543434,0.0103406020302945,0.192037092490045
2023-04-11,-0.0094413581194225,8.91392431391852e-05,0.0094413581194225,8.44935028217346e-05,0.000128746050627957,8.45166314434479e-05,8.52867857453635e-05,9.75683080833279e-05,0.00919203474872319,0.0113466316864503,0.00919329274218155,0.00923508450125734,0.00987766713770655,0.209806509838843
2023-04-12,-0.0057076456601562,3.25772189818999e-05,0.0057076456601562,0.000102176713976785,0.000151255384414161,0.000102201766008782,0.000102809537006726,0.000113167251973856,0.0101082497979019,0.0122985927818658,0.0101094889093753,0.0101395037850344,0.0106380097750405,0.20843961152669
2023-04-13,0.0184320740662772,0.000339741354384728,0.0184320740662772,0.000100913586984647,0.000143753871185801,0.000100933630862158,0.00010115807416891,0.000111381277960813,0.0100455754929544,0.0119897402468027,0.0100465730904701,0.0100577370302126,0.010553732892243,0.0321136398968508
2023-04-14,-0.0055679718828968,3.10023108887293e-05,0.0055679718828968,9.59529598866068e-05,0.000123612791585504,9.59988407637169e-05,9.67520876227402e-05,0.000104113920509399,0.00979555817126349,0.0111181289606437,0.00979789981392527,0.00983626390570832,0.0102036229109762,-0.0676675905075781
2023-04-17,0.0036260174486834,1.31480025381565e-05,0.0036260174486834,9.51961144716943e-05,0.000122036458327916,9.52335272257724e-05,9.55256048187048e-05,0.00010287213276971,0.00975684961817565,0.0110470112848642,0.00975876668569202,0.00977372011153915,0.0101425900424749,-0.0840698488350262
2023-04-18,0.0030787663384565,9.47880216681284e-06,0.0030787663384565,8.38896937213189e-05,0.000108460510955977,8.39145401030611e-05,8.38179288524816e-05,9.23982166918941e-05,0.00915913171219406,0.0104144376207252,0.00916048798389371,0.00915521320628207,0.00961239911218287,-0.10047236787167
2023-04-19,-0.0028774047014016,8.27945781564803e-06,0.0028774047014016,7.42899030499364e-05,9.82152387006462e-05,7.43038661749403e-05,7.38869229206682e-05,8.33554545472196e-05,0.0086191590686062,0.00991036017007688,0.00861996903561378,0.00859575028259128,0.00912992084013983,-0.151046562584559
2023-04-20,-0.0065892898906535,4.34187412630684e-05,0.0065892898906535,6.98391104120223e-05,9.82498623600626e-05,6.98462715925801e-05,6.92778413248133e-05,7.94221940716921e-05,0.00835697974222879,0.00991210685778067,0.00835740818630873,0.00832333114352741,0.00891191304219763,-0.0539988680952409
2023-04-21,-0.0032432897851583,1.05189286305122e-05,0.0032432897851583,7.68210095465393e-05,0.00010871922437276,7.68273594483592e-05,7.62409258309742e-05,8.52418049041958e-05,0.008764759525882,0.0104268511245131,0.00876512175890097,0.00873160499742024,0.00923264885632481,-0.108673497035394
2023-04-24,-0.0044086416310337,1.94361210308835e-05,0.0044086416310337,7.2721840440685e-05,0.000105010807243393,7.27229670664122e-05,7.20252775715785e-05,8.14881218200514e-05,0.00852771015224398,0.0102474780918718,0.00852777620874353,0.00848677073871909,0.00902707714711974,-0.0922712387079459
2023-04-25,-0.0215758505803608,0.000465517328266056,0.0215758505803608,7.20987673939218e-05,0.000112304459701908,7.20968721130333e-05,7.14653152028861e-05,8.19357110195131e-05,0.00849109930420801,0.010597379850789,0.00849098769949841,0.00845371605880432,0.00905183467698748,0.163333010062414
2023-04-26,0.0147549063637176,0.000217707261802074,0.0147549063637176,0.000193119320173592,0.000250381003885242,0.000193159862557921,0.000193446695567697,0.000188152575639194,0.0138967377529258,0.0158234321145964,0.013898196377873,0.0139085116230205,0.0137168719334692,0.174267935850445
2023-04-27,0.0209951189994844,0.000440795021802511,0.0209951189994844,0.000170930870356185,0.000193687135623899,0.00017098009973649,0.000171123991394658,0.000166746362841396,0.0130740533254299,0.0139171525688231,0.0130759359028901,0.0130814369009929,0.0129130307380334,-0.0731349230469956
2023-04-28,0.0107985891633121,0.000116609527918002,0.0107985891633121,0.000157344837439607,0.00015194651180025,0.000157426872046441,0.000158198897835919,0.000151192084706494,0.0125437170503646,0.012326658582124,0.0125469865723384,0.0125777143327363,0.0122960190592929,-0.243993431782819
2023-05-01,0.0005965734176456,3.55899842641352e-07,0.0005965734176456,0.000138485817521842,0.000125512971751602,0.000138558856055727,0.000138968244603911,0.00013379430661161,0.0117679997247554,0.0112032571938523,0.0117711025845384,0.0117884793168547,0.01156694888947,-0.202987394900405
2023-05-02,-0.0093865522391708,8.81073629386824e-05,0.0093865522391708,0.000120266525152159,0.000114160394808569,0.000120320802484368,0.000120295579796621,0.000118824568325793,0.0109666095559274,0.0106845867869829,0.010969083940073,0.0109679341626681,0.010900668251341,0.0293801039817398
2023-05-03,-0.0084633684763151,7.16286059658842e-05,0.0084633684763151,0.000132060933093861,0.000138688403678835,0.000132112110528655,0.00013200074525347,0.000130287792758912,0.01149177675966,0.011776604080924,0.0114940032420674,0.0114891577260246,0.0114143678212555,0.105924584497954
2023-05-04,-0.0048009066371177,2.30487045383208e-05,0.0048009066371177,0.000137376646365472,0.000155931441793938,0.000137423367439291,0.000137255698993657,0.000136916726007888,0.0117207784027116,0.0124872511704513,0.0117227713207795,0.0117156177384574,0.0117011420813478,0.34512631423167
2023-05-05,0.0247685966274433,0.000613483378892996,0.0247685966274433,0.0001277409406048,0.000141524678793704,0.000127777951838242,0.000127367929454929,0.00012843345061298,0.0113022537843034,0.0118964145352162,0.0113038910043508,0.0112857400933624,0.011332848300978,-0.0512650714709344
2023-05-08,-0.0005288161438601,2.79646514007066e-07,0.0005288161438601,0.000124936260074732,0.000121831054030826,0.000125028030882929,0.000126102574497536,0.00012225462381342,0.0111774889879047,0.0110377105429897,0.0111815933964229,0.0112295402620738,0.0110568812878415,-0.079969414607762
2023-05-09,-0.0077036274233933,5.93458754784573e-05,0.0077036274233933,0.000109372696578311,0.000112126622440508,0.000109443437565968,0.000109963327331823,0.000109578664430062,0.010458140206476,0.0105889859023661,0.0104615217614823,0.0104863400351039,0.0104679828252659,0.0198118157966669
2023-05-10,0.0121262968658954,0.000147047075679825,0.0121262968658954,0.00011475219900838,0.0001234990141712,0.000114814036177699,0.00011505981512547,0.000114623512334433,0.0107122452832439,0.0111130110308233,0.0107151311787444,0.0107265938268152,0.010706237076323,-0.0854367471471795
2023-05-11,-0.004488752526255,2.01488992419606e-05,0.004488752526255,0.000103238280584266,0.000109778019595947,0.000103297665625762,0.000103558038478953,0.000104059004680923,0.0101606240253375,0.010477500636886,0.0101635459179246,0.0101763470105413,0.0102009315594667,-0.0868036454593328
2023-05-12,-0.0013243318075529,1.75385473649633e-06,0.0013243318075529,9.80580480145693e-05,0.000109585023332009,9.8105363984252e-05,9.81316043093023e-05,0.000100013030786334,0.00990242637006554,0.0104682865518674,0.00990481519182725,0.00990613972793148,0.0100006515180929,-0.0731349230469956
2023-05-15,0.0082468859141037,6.8011127280242e-05,0.0082468859141037,8.74675295740558e-05,0.000102853184124464,8.75013815525299e-05,8.73171139343089e-05,9.12460601323119e-05,0.00935240768861451,0.0101416558867112,0.00935421731373234,0.00934436268208319,0.00955228036294538,-0.0608330989468117
2023-05-16,0.0010506422650168,1.10384916903963e-06,0.0010506422650168,7.84866745297045e-05,9.99200089540928e-05,7.85139277183372e-05,7.84020637806683e-05,8.40298109981734e-05,0.008859270541625,0.00999599964756366,0.00886080852509167,0.00885449398783851,0.00916677756892647,0.0580841864093718
2023-05-17,0.0132360037418593,0.000175191795054513,0.0132360037418593,6.96248346126142e-05,9.40372236510564e-05,6.96403770857095e-05,6.93649619936919e-05,7.65198624588719e-05,0.0083441497237654,0.00969727918805354,0.00834508101133294,0.00832856302093536,0.00874756322977273,-0.0950047746230569
2023-05-18,0.0202609281456825,0.000410505209324509,0.0202609281456825,6.58073739050485e-05,8.72729683869051e-05,6.58308770620033e-05,6.58513388325195e-05,7.19696747710756e-05,0.00811217442521107,0.00934200023479475,0.00811362293072603,0.00811488378428918,0.00848349425479122,-0.207088089836865
2023-05-19,-0.0004444965621245,1.975771937405e-07,0.0004444965621245,6.79765565834895e-05,8.55023492263523e-05,6.8033506128736e-05,6.89953140512077e-05,7.19149835498401e-05,0.00824478966278033,0.00924674803519336,0.00824824260850371,0.00830634179715762,0.00848027025217004,-0.103206164495976
2023-05-22,0.0019033280614668,3.62265770956697e-06,0.0019033280614668,6.1267639749667e-05,8.63675183251584e-05,6.13090097483232e-05,6.18455358169837e-05,6.70163830319509e-05,0.00782736480238829,0.00929341263073788,0.00783000700819119,0.00786419327184828,0.00818635346365834,-0.0485315355558233
2023-05-23,-0.0148778309070271,0.000221349852498091,0.0148778309070271,5.51224053107165e-05,9.09677096309158e-05,5.51499404589091e-05,5.54021438899552e-05,6.32645846922916e-05,0.00742444646493707,0.00953769938878951,0.00742630059039553,0.00744326164325528,0.00795390373918943,0.131895131010475
2023-05-24,-0.0073604566464972,5.41763220449648e-05,0.0073604566464972,0.000113599218927991,0.000169313096671324,0.000113641552323059,0.000114161743240378,0.0001164764635512,0.0106582934341287,0.0130120366073618,0.010660279185981,0.010684649888526,0.010792426212451,0.336925185067946
2023-05-25,0.0376467621248564,0.00141727869848552,0.0376467621248564,0.000116837506038261,0.000167292249336302,0.000116874772592906,0.000117030410163874,0.000120439808907607,0.0108091399305524,0.0129341505069449,0.0108108636376982,0.0108180594453846,0.0109745072284639,0.215273842378261
2023-05-26,0.0280009830065301,0.000784055049331987,0.0280009830065301,0.000140018967800103,0.000144380419817264,0.000139478949467593,0.000144232720854879,0.000142757550168028,0.0118329610749002,0.0120158403708298,0.0118101206373006,0.0120096927876977,0.0119481191058688,0.0526168538699543
2023-05-30,0.0053262060373632,2.83684707524442e-05,0.0053262060373632,0.000141018753569944,0.000125055867872807,0.000140341880164144,0.000146411310350586,0.000123084938695376,0.0118751317285302,0.0111828380956181,0.0118465978307759,0.0121000541465973,0.0110943651776645,-0.0143598598795782
2023-05-31,-0.008365070586593,6.99744059186834e-05,0.008365070586593,0.000122572773043089,0.000114629905721102,0.000122034180725789,0.000126520695673759,0.000112810382748131,0.0110712588734565,0.010706535654501,0.0110469081975813,0.0112481418764949,0.0106212232227805,0.051249955557801
2023-06-01,0.010113935928749,0.00010229169997084,0.010113935928749,0.000129274209349924,0.000124699847534207,0.000128826152233011,0.000132093023171599,0.000122979113911691,0.0113698816770415,0.0111669085934383,0.0113501608901817,0.0114931728940097,0.0110895948488523,-0.261762718777019
2023-06-02,0.0057084381358992,3.25862659513883e-05,0.0057084381358992,0.000114438795951613,0.000101468945088937,0.000114065933401148,0.00011626180668949,9.90844546583782e-05,0.0106976070198719,0.0100731794925404,0.010680165420121,0.0107824768346373,0.00995411747260289,-0.405283652333569
2023-06-05,-0.0057685377578382,3.3276027863605e-05,0.0057685377578382,0.000100305653152449,8.72050227962803e-05,0.000100013224656141,0.000101306156465507,8.49620553389781e-05,0.0100152709974543,0.00933836296126255,0.0100006612109471,0.0100650959491456,0.00921748638941106,-0.387514495693968
2023-06-06,-0.0002410911058015,5.81249212965901e-08,0.0002410911058015,9.96922400069581e-05,8.86229163240412e-05,9.94583761552245e-05,9.99839064414978e-05,8.66023044637957e-05,0.00998460014256746,0.00941397452323094,0.00997288203856962,0.00999919528969695,0.00930603591567299,-0.492763188992413
2023-06-07,-0.0150615582528947,0.00022685053700534,0.0150615582528947,8.77016134025952e-05,7.64954434184473e-05,8.75298898377081e-05,8.73097265256123e-05,7.44338293270251e-05,0.00936491395596325,0.00874616735595925,0.00935574100954639,0.00934396738680162,0.00862750423512067,-0.495496985616719
2023-06-08,0.0107727022314353,0.000116051113367171,0.0107727022314353,0.000144024411523078,0.000141661052725677,0.000143814183422082,0.000143496639504441,0.000140304819788597,0.0120010171036908,0.0119021448792088,0.0119922551433032,0.0119790082855152,0.0118450335494922,-0.53513612418698
2023-06-09,0.0049515058743678,2.45174104238988e-05,0.0049515058743678,0.00012718536917525,0.000109268816581275,0.000127012891157691,0.00012615144983701,0.000106735221605316,0.0112776490978949,0.0104531725605806,0.0112699996077059,0.0112317162462827,0.0103312739584872,-0.510532475986612
2023-06-12,0.0215129751502288,0.000462808099814362,0.0215129751502288,0.000110851096962846,9.32475497795034e-05,0.000110733726578391,0.000109159582144901,9.0539383097899e-05,0.0105285847559321,0.0096564770894723,0.0105230093879266,0.0104479463123095,0.0095152184997455,-0.349242125081263
2023-06-13,0.006053831747322,3.66488788248837e-05,0.006053831747322,0.000108109597997642,8.15145664048577e-05,0.000107888796009154,0.000107341839302644,7.88878681643829e-05,0.0103975765444474,0.00902854176513891,0.0103869531629421,0.0103605906830955,0.00888188426880146,-0.403916884376014
2023-06-14,0.0102607034712412,0.000105282035724741,0.0102607034712412,9.50725942276114e-05,7.12287597769235e-05,9.49049106526015e-05,9.37166974536405e-05,6.87231526901683e-05,0.00975051763895699,0.00843971325205564,0.00974191514295837,0.00968073847666801,0.00828994286410759,-0.503698114780443
2023-06-15,0.0127941823870495,0.000163691102953088,0.0127941823870495,8.57393652779125e-05,6.70914426267672e-05,8.55906374772054e-05,8.4147386376083e-05,6.48589980757141e-05,0.00925955534990274,0.00819093661474481,0.00925152081969259,0.00917318845200964,0.00805350843270895,-0.418952374745907
2023-06-16,-0.0082802138173526,6.85619408610769e-05,0.0082802138173526,7.93357233958657e-05,6.07437453143733e-05,7.91809221523104e-05,7.77583443826423e-05,5.86056974113373e-05,0.00890706031167779,0.00779382738546173,0.00889836626310192,0.0088180691981092,0.00765543580806066,-0.550171614556872
2023-06-20,-0.0067810137619274,4.59821476394488e-05,0.0067810137619274,9.249064970958e-05,8.31349666961395e-05,9.2352399339819e-05,9.0636680617192e-05,8.14456238545341e-05,0.00961720592009862,0.0091178378301075,0.00961001557437963,0.00952032985863368,0.00902472292397579,-0.503698114780443
2023-06-21,-0.0149072567566594,0.000222226304008967,0.0149072567566594,9.6933230832018e-05,8.73528700985512e-05,9.68217490175405e-05,9.47380850725379e-05,8.54645898983712e-05,0.00984546752734567,0.00934627573413877,0.00983980431805128,0.00973334911901027,0.00924470604715862,-0.596645114333301
2023-06-22,0.0081266634429086,6.60426587143071e-05,0.0081266634429086,0.000150513561314931,0.000144281370703651,0.000150358722488496,0.000148303217134488,0.000142614302677584,0.0122683968518683,0.0120117180579487,0.0122620847529487,0.0121779808315865,0.0119421230389568,-0.636284252903562
2023-06-23,-0.0109097031965202,0.000119021623836163,0.0109097031965202,0.000131430714804617,0.000109424100951824,0.000131322926304413,0.000128823720971152,0.000106642694448617,0.0114643235650699,0.0104605975427709,0.0114596215602616,0.011350053787148,0.0103267949746578,-0.563840336969209
2023-06-26,-0.0072004760792511,5.18468557678673e-05,0.0072004760792511,0.000150744373321166,0.000131556254431259,0.000150642931724402,0.000148001044846747,0.000129124982687174,0.012277800019595,0.0114697974886769,0.012273668226101,0.0121655680034574,0.0113633174155778,-0.453124050422152
2023-06-27,0.0195168503379211,0.000380907447112811,0.0195168503379211,0.00014767624940126,0.000122160648617685,0.000147611985698465,0.000144553719883192,0.000119315696637656,0.0121522117082143,0.011052630845988,0.0121495673049893,0.0120230495251077,0.0109231724621401,-0.522834300086796
2023-06-28,0.0005855445929587,3.4286247034317e-07,0.0005855445929587,0.000136973799665188,9.53240783553235e-05,0.000136837113770315,0.000134612033890247,9.21313455639762e-05,0.0117035806343695,0.009763405059472,0.0116977396863802,0.0116022426233141,0.00959850746543316,-0.565207104926765
2023-06-29,0.0017545794104279,3.07854890749752e-06,0.0017545794104279,0.000118708618013775,7.87669762107688e-05,0.00011863048091667,0.000115777752299991,7.56644271394717e-05,0.0108953484576573,0.00887507612422388,0.0108917620666571,0.0107600070771348,0.00869853017121121,-0.550171614556872
2023-06-30,0.0157683370975148,0.000248640454820861,0.0157683370975148,0.000103312261015217,6.83590873557732e-05,0.000103277133939876,0.000100004943997235,6.55653269549126e-05,0.0101642639190065,0.00826795545197077,0.0101625358026369,0.0100002471968064,0.00809724193506113,-0.543337253350704
2023-07-03,-0.0021303746805285,4.53849627943691e-06,0.0021303746805285,9.62640842589323e-05,6.16658136190734e-05,9.61822834902868e-05,9.34097863454744e-05,5.91366878756066e-05,0.00981142620921813,0.00785275834462474,0.00980725667504868,0.00966487384012199,0.00769003822328645,-0.54607104997501
2023-07-05,-0.006186766816011,3.82760836356949e-05,0.006186766816011,8.69607673147945e-05,6.27557557239616e-05,8.6914064750724e-05,8.38532583385328e-05,6.06830932453399e-05,0.00932527572325851,0.007921853048622,0.00932277130207129,0.00915714247669724,0.00778993538133275,-0.46269207789803
2023-07-06,-0.0026712824250216,7.13574979422928e-06,0.0026712824250216,8.99774118406195e-05,8.05016797878283e-05,8.99441837764314e-05,8.68212667662677e-05,7.90123444494735e-05,0.00948564240526805,0.00897227283289069,0.00948389075097512,0.00931779302014526,0.00888888881972733,-0.290466931559248
2023-07-07,-0.0043711080689314,1.91065857502772e-05,0.0043711080689314,8.26257922177131e-05,7.83275637784445e-05,8.26169417507597e-05,7.93529266844239e-05,7.67633128694335e-05,0.00908987305839378,0.00885028608455368,0.00908938621419289,0.00890802597012514,0.00876146750661289,-0.373845773281631
2023-07-10,0.002624993141192,6.89058899130504e-06,0.002624993141192,8.04241744634659e-05,8.23584012651025e-05,8.04288304134206e-05,7.71411807797446e-05,8.08811956209941e-05,0.00896795263499233,0.00907515296097551,0.00896821221946831,0.00878300522485013,0.00899339733476699,-0.341040995917539
2023-07-11,0.0021528807873315,4.6348956844611e-06,0.0021528807873315,7.11608658351126e-05,7.54829034710274e-05,7.11824716018763e-05,6.77953408782102e-05,7.38174379256661e-05,0.00843569000349779,0.00868808974809926,0.00843697052275734,0.00823379261812017,0.00859170750931769,-0.372478874969478
2023-07-12,0.0112715589776785,0.000127048041787285,0.0112715589776785,6.33324926834452e-05,6.60778507720543e-05,6.33659178486385e-05,5.99431734591542e-05,6.42517026369577e-05,0.00795817144094328,0.00812882837634393,0.00796027121702763,0.00774229768603314,0.00801571597781244,-0.550171614556872
2023-07-13,0.0129631666573629,0.000168043689786565,0.0129631666573629,5.9573492547673e-05,6.03704822099812e-05,5.95768772715444e-05,5.65443602832193e-05,5.85693934721875e-05,0.00771838665445525,0.00776984441349897,0.00771860591503053,0.00751959841236347,0.00765306431909385,-0.540603587080995
2023-07-14,-0.0014763779389259,2.17969181854709e-06,0.0014763779389259,5.74322723190197e-05,5.56968695804004e-05,5.73957464707511e-05,5.48552078943397e-05,5.39692838705942e-05,0.00757840829719669,0.00746303353740289,0.00757599805113168,0.00740643017210989,0.00734637896317595,-0.577508929026949
2023-07-17,0.0127039548984695,0.000161390470062347,0.0127039548984695,5.33419566502474e-05,5.51662959433127e-05,5.33219794978114e-05,5.06448565000001e-05,5.35585617720123e-05,0.00730355780768849,0.00742740169529781,0.00730219004804801,0.00711651997116569,0.00731837152459564,-0.558372874075194
2023-07-18,0.0112693396588183,0.000126998016345815,0.0112693396588183,5.20233450761456e-05,5.22337854564093e-05,5.19673703002156e-05,4.96886324831249e-05,5.0636449713482e-05,0.00721272105908343,0.00722729447694013,0.00720883973328687,0.0070490164195528,0.00711592929373824,-0.582976391920964
2023-07-19,-0.0024996872777347,6.24843648646871e-06,0.0024996872777347,5.00582606061513e-05,5.2151057522581e-05,4.99828338632608e-05,4.79002600567886e-05,5.06231686525741e-05,0.00707518625946704,0.00722156891004863,0.00706985387849429,0.0069210013767365,0.00711499604023601,-0.520100503462489
2023-07-20,-0.020167438942886,0.000406725593515035,0.020167438942886,4.87242168839544e-05,5.66917098517988e-05,4.8667530635345e-05,4.64269582003527e-05,5.53381681620904e-05,0.00698027341040123,0.00752938973966674,0.00697621176824106,0.00681373305907655,0.00743896284182751,-0.488662624410551
2023-07-21,-0.0005108908564233,2.61009467176933e-07,0.0005108908564233,0.00016044420720764,0.000183383100005479,0.0001602500276109,0.00015867865868917,0.000182988014167695,0.0126666573020525,0.0135419016391893,0.0126589899917371,0.0125967717566514,0.0135273062421051,-0.54197035503855
2023-07-24,0.0017585983450703,3.092668139284e-06,0.0017585983450703,0.000139003113053221,0.00013684363594687,0.000138883971976058,0.00013637785441446,0.000134102046187619,0.0117899581446764,0.0116980184624093,0.0117849044109852,0.0116780929271204,0.0115802437879182,-0.499597550198581
2023-07-25,0.0113835679118852,0.000129585618404502,0.0113835679118852,0.000120385481096247,0.000106322589902121,0.000120322285992342,0.000117177475102555,0.000102841015275213,0.0109720317670086,0.0103112845902982,0.010969151562101,0.0108248545072234,0.0101410559250609,-0.50643191140475
2023-07-26,-0.0135397259387957,0.000183324178497697,0.0135397259387957,0.000107633002393576,8.43265406492886e-05,0.000107572358265574,0.000104433742262205,8.08097150157719e-05,0.0103746326389697,0.00918294836364054,0.010371709515098,0.0102192828643797,0.00898942239611489,-0.598012012645455
2023-07-27,-0.0029009961601913,8.41577872144467e-06,0.0029009961601913,0.000148735019805033,0.000136213052149916,0.00014864117702769,0.000145635637713327,0.000133753997885615,0.0121956967740688,0.0116710347506087,0.0121918487944893,0.0120679591362138,0.0115652063485964,-0.431254198846091
2023-07-28,0.013522691739384,0.000182863191878404,0.013522691739384,0.000132507402600697,0.000108442486045792,0.000132465688824088,0.000128993180753489,0.000105299473191756,0.011511185977157,0.0104135722038978,0.0115093739544811,0.0113575164870445,0.0102615531568937,-0.578875827339102
2023-07-31,0.0023014325993391,5.29659200930073e-06,0.0023014325993391,0.000119161001951865,8.73781307375793e-05,0.000119104785362866,0.000115882105360237,8.41876864440916e-05,0.0109160891326457,0.00934762701104293,0.0109135138870515,0.0107648551016833,0.00917538481177174,-0.537869790456688
2023-08-01,0.0016806723721405,2.82465962247638e-06,0.0016806723721405,0.000103723201564495,7.51496922181067e-05,0.000103706232087298,0.000100173666492257,7.22733681989424e-05,0.010184458825313,0.00866889221400905,0.0101836256847597,0.0100086795578766,0.00850137448880723,-0.496863753574275
2023-08-02,-0.0250522730384893,0.000627616384395018,0.0250522730384893,9.0702691139886e-05,7.57413397892564e-05,9.07143267706956e-05,8.70055522072274e-05,7.34905813995692e-05,0.00952379604673924,0.0087029500624361,0.0095244068986313,0.00932767667788863,0.0085726647782104,-0.201620496588252
2023-08-03,-0.0040836903138151,1.66765265791473e-05,0.0040836903138151,0.00025546920666373,0.000270537737047654,0.000255261992907812,0.000252845386779979,0.000270315641445475,0.0159834041012461,0.0164480314034128,0.015976920632832,0.0159011127528855,0.0164412785830505,-0.224857246476467
2023-08-04,-0.0136940094345415,0.000187525894393312,0.0136940094345415,0.000225052815788575,0.000211529290556895,0.000224946347735694,0.00022166404727759,0.000208580471040863,0.0150017604229829,0.0145440465674755,0.0149982114845635,0.0148883863221502,0.0144423152936385,-0.0635668955711182
2023-08-07,0.0028007218761413,7.84404302749644e-06,0.0028007218761413,0.000248683977435919,0.000223634712808221,0.000248587245559555,0.000244921295830102,0.000219926759405974,0.015769717100694,0.0149544211793109,0.0157666497887013,0.015649961528071,0.0148299278287514,-0.245360199740375
2023-08-08,-0.0077203470136333,5.96037580109166e-05,0.0077203470136333,0.000212728309369787,0.000169742298382842,0.000212717780246005,0.000208273958529386,0.00016497137416881,0.0145852085816346,0.0130285186565028,0.0145848476250527,0.0144316997796305,0.0128441182713649,-0.215289219000589
2023-08-09,-0.0130010394034267,0.000169027025569454,0.0130010394034267,0.00020009158862688,0.000156012813594233,0.000200043054657641,0.000197060577082181,0.000198767980456929,0.0141453734000513,0.0124905089405609,0.0141436577538359,0.0140378266509521,0.0140985098665401,-0.219389783582451
2023-08-10,0.0001190355865632,1.41694708684451e-08,0.0001190355865632,0.000221868050295739,0.000182622731234493,0.000221801333977524,0.000218872514240493,0.000220203961255447,0.014895235825449,0.0135137978094425,0.0148929961383707,0.0147943406152655,0.0148392709138774,-0.234425273952344
2023-08-11,-0.0074022948697018,5.47939693380136e-05,0.0074022948697018,0.000190083764241135,0.000138752988640968,0.000190054165482622,0.000186894136417476,0.000189335657401697,0.0137870868656557,0.0117793458494506,0.0137860134006399,0.0136709230272676,0.0137599294112178,-0.372478874969478
2023-08-14,0.0158119481800016,0.000250017705247056,0.0158119481800016,0.000181326900383152,0.000131701631883714,0.000181305437581278,0.000178124498377729,0.000180829178623236,0.0134657677234962,0.0114761331415993,0.0134649707605059,0.0133463290225338,0.0134472740220178,-0.375212671593784
2023-08-15,-0.009897646511385,9.79634064643317e-05,0.009897646511385,0.000163428672719725,0.000113570699720872,0.000163432030627814,0.000160913519855875,0.000162583882519519,0.0127839224309179,0.0106569554620854,0.0127840537634904,0.0126851692876317,0.0127508385026052,-0.151046562584559
2023-08-16,-0.0095755937910602,9.16919964513907e-05,0.0095755937910602,0.000171268321225577,0.000138024759795661,0.000171258885887328,0.000169012187900672,0.000170421598979797,0.0130869523276268,0.0117483939240928,0.0130865918362012,0.0130004687569592,0.0130545623817804,-0.107306598723241
2023-08-17,-0.0095470355149135,9.11458871230197e-05,0.0095470355149135,0.00017608501333612,0.000155880677413387,0.000176067631675565,0.000174058392527744,0.000175357214590835,0.0132697028352605,0.0124852183566563,0.0132690478812749,0.013193119135661,0.0132422511149289,0.0444154639970347
2023-08-18,0.0015166054499683,2.30009209087355e-06,0.0015166054499683,0.000179978385488047,0.000164350407894898,0.000179955154818274,0.000178171971347819,0.000179337867196639,0.0134156023155148,0.0128199223045578,0.0134147364796434,0.013348107406963,0.013391708897547,-0.0362297114556394
2023-08-21,0.018915504542386,0.000357796312093025,0.018915504542386,0.000154675952488591,0.000136651291944869,0.00015467750647807,0.000152946876195682,0.000154796092160243,0.0124368787277432,0.0116897943499819,0.0124369412026459,0.0123671692879042,0.0124417077670328,-0.059466461343854
2023-08-22,-0.0011308267434927,1.2787691237983e-06,0.0011308267434927,0.000144570678910802,0.000118783039148986,0.000144589537074825,0.000143795815301536,0.000143707815859448,0.0120237547758927,0.0108987631935457,0.0120245389547718,0.0119914892862203,0.0119878194789314,-0.0813363129199152
2023-08-23,0.0178835107191182,0.000319819955640816,0.0178835107191182,0.000126104598104712,0.000104969149558956,0.000126134747315181,0.000125255390269329,0.000125849543871211,0.0112296303636724,0.0102454453079871,0.0112309726789438,0.0111917554596823,0.0112182683098244,-0.216656117312743
2023-08-24,-0.0233173954311653,0.000543700929693328,0.0233173954311653,0.000119307944153216,0.000100038948388442,0.000119346843000015,0.000119318299389014,0.000118234194362641,0.010922817592234,0.0100019472298369,0.0109245980704104,0.0109232916004753,0.0108735548171994,-0.0498981731587811
2023-08-25,0.0101273565826367,0.000102563351351875,0.0101273565826367,0.000255126659510257,0.000259674951864397,0.000255027566876267,0.000255564596387936,0.000251052371589054,0.0159726847934296,0.0161144330295669,0.0159695825517221,0.0159863878467882,0.0158446322642419,-0.257662023840559
2023-08-28,0.008146516935483,6.63657381801113e-05,0.008146516935483,0.000220710866469021,0.00018738223918283,0.000220659449107261,0.000220790306561622,0.000217642656342054,0.0148563409515608,0.0136887632451887,0.0148546103653802,0.0148590143199885,0.014752716913913,-0.339674097605386
2023-08-29,0.0198500020999401,0.000394022583367626,0.0198500020999401,0.000190666862366936,0.000139798768755912,0.000190650645600615,0.000190419717516804,0.000188473963243665,0.0138082172045104,0.0118236529362085,0.0138076299776832,0.0137992651078528,0.0137285819822611,-0.425786735952076
2023-08-30,0.0075220037379296,5.65805402334269e-05,0.0075220037379296,0.000176014685510835,0.000107854756861873,0.000176023647184189,0.000176343804959046,0.000172978278752883,0.0132670526308911,0.010385314480644,0.0132673903682747,0.0132794504765463,0.013152120694127,-0.503698114780443
2023-08-31,0.0048507558296813,2.35298321191871e-05,0.0048507558296813,0.00015280776372712,8.66755203806508e-05,0.000152835981870648,0.000152851520122747,0.000150513032809987,0.0123615437436883,0.00930996887108925,0.0123626850591062,0.0123633134766836,0.0122683753125663,-0.54607104997501
2023-09-01,0.0030693513478912,9.42091769680152e-06,0.0030693513478912,0.000132343167254996,7.15017279936845e-05,0.000132384240813074,0.000132110827256382,0.000130717493036726,0.011504050037052,0.00845586944043512,0.0115058350767371,0.0114939474183755,0.0114331751074112,-0.611680604703194
2023-09-05,0.0035689994677541,1.2737757200829e-05,0.0035689994677541,0.000114780451839276,6.59027222808045e-05,0.000114829386339762,0.000114298982289644,0.000113758975662245,0.0107135639186629,0.00811804916718324,0.0107158474391791,0.0106910702125486,0.0106657852810866,-0.485928827786244
2023-09-06,-0.0106314002217427,0.000113026670674871,0.0106314002217427,0.000100100686355093,6.42564509985302e-05,0.000100153768156113,9.95190784059783e-05,9.95510865011358e-05,0.0100050330511745,0.00801601216307274,0.0100076854544951,0.00997592493987291,0.00997752907793988,-0.425786735952076
2023-09-07,-0.0145660292790507,0.000212169208958162,0.0145660292790507,0.000122282333250461,0.00010216325064083,0.000122301705349175,0.000121808986124377,0.000121285860422512,0.0110581342572091,0.0101075838181452,0.0110590101432802,0.0110367108381246,0.0110129859902985,-0.432621097158244
2023-09-08,0.0020857708085649,4.35043986586148e-06,0.0020857708085649,0.000168322993685044,0.000153957552586919,0.000168291208243697,0.000167988089617874,0.000166334872695553,0.0129739351657484,0.0124079632731129,0.012972710134883,0.0129610219357069,0.0128970877602485,-0.509165577674459
2023-09-11,0.0051950259219379,2.69882943296067e-05,0.0051950259219379,0.000144911453680441,0.000116299830010849,0.000144904192500829,0.000144321333048011,0.000143688681387675,0.0120379173315172,0.0107842398902681,0.0120376157315653,0.0120133814160715,0.0119870213726211,-0.514633040568474
2023-09-12,-0.0183022243397035,0.000334971415780835,0.0183022243397035,0.000125803118961205,9.46778780363232e-05,0.000125813267004369,0.000125132602571607,0.00012510417829341,0.0112161989533534,0.00973025580528709,0.0112166513275741,0.0111862684829038,0.0111849979120879,-0.455857847046459
2023-09-13,0.002518240836328,6.34153690974995e-06,0.002518240836328,0.000204620979269135,0.000184923670158545,0.000204550690279827,0.000204220846981059,0.000202088040653918,0.014304578961617,0.0135986642784703,0.0143021218803304,0.014290585956533,0.014215767325541,-0.558372874075194
2023-09-14,0.0072266244800534,5.22241013757071e-05,0.0072266244800534,0.000175454475876163,0.000131468001844611,0.000175419988582183,0.000174662766828505,0.000173818409629926,0.013245922990723,0.0114659496704203,0.0132446211188612,0.0132160041929664,0.0131840209962638,-0.648586077003745
2023-09-15,-0.0194079191179925,0.000376667324490539,0.0194079191179925,0.000152206132933757,0.000102276177242478,0.000152197747016768,0.000151304063192451,0.000151119918355673,0.012337184967964,0.0101131685065798,0.0123368450998125,0.0123005716612055,0.0122930841677617,-0.515999938880627
2023-09-18,0.0047944832825377,2.29870699465335e-05,0.0047944832825377,0.0002380440438998,0.000204317338075661,0.000237951422050809,0.000237430005941709,0.000235019808759313,0.0154286760254988,0.0142939615948715,0.0154256741198176,0.0154087639329606,0.0153303557936309,-0.487295726098397
2023-09-19,-0.0005316781461129,2.8268165105405e-07,0.0005316781461129,0.000203960368670457,0.000148908746402081,0.000203911899864994,0.000202983422966149,0.000202011695062773,0.0142814694156609,0.0122028171502355,0.0142797724024227,0.0142472250970548,0.0142130818284696,-0.472260235728505
2023-09-20,-0.015840200049978,0.000250911937623323,0.015840200049978,0.000175445445360847,0.000119532940434334,0.000175428089535643,0.000174258457877634,0.000174412071467471,0.0132455821072857,0.0109331121111207,0.0132449269358363,0.0132006991435164,0.0132065162502255,-0.331472838087064
2023-09-21,-0.0153635723641926,0.000236039355789783,0.0153635723641926,0.000223569357726055,0.000191963489273385,0.000223504273931991,0.000222704358539668,0.000221637727296209,0.0149522358771541,0.0138550889305477,0.0149500593287114,0.0149232824318133,0.0148875023861025,-0.003424673382352
2023-09-22,0.002131236110947,4.54216736060449e-06,0.002131236110947,0.000259962016125753,0.000231073269381873,0.000259867411511966,0.00025925319140686,0.000257485674892785,0.0161233376236359,0.0152010943481669,0.0161204035778254,0.0161013412921675,0.01604636017584,-0.0498981731587811
2023-09-25,0.0032185145508735,1.03588359141844e-05,0.0032185145508735,0.000221927806050334,0.00017718208493055,0.000221880680815362,0.000220929607975013,0.00022070698339643,0.014897241558434,0.013310976107354,0.0148956597979197,0.0148637010187575,0.0148562102636046,-0.0909043403957926
2023-09-26,-0.0181706913276882,0.000330174023326123,0.0181706913276882,0.000190088900550368,0.000152179939603914,0.000190076362560151,0.00018919114709978,0.000189907492871598,0.0137872731368595,0.012336123362058,0.013786818435018,0.01375467728083,0.013780692757318,0.187936658262782
2023-09-27,0.0015423951602939,2.37898283049804e-06,0.0015423951602939,0.000257351564182146,0.00023900887502668,0.000257272499818405,0.000256974720064837,0.000255706948594506,0.016042180780123,0.0154599118699519,0.0160397163259955,0.0160304310629764,0.0159908395212542,0.08952206546131
2023-09-28,0.0070638533726182,4.98980244698495e-05,0.0070638533726182,0.000219700844703589,0.000183951773910829,0.000219666394598057,0.000219120378360906,0.000219200982093557,0.0148223090206482,0.0135628822125251,0.0148211468718874,0.0148027152360945,0.0148054375853454,-0.0307621182070264
2023-09-29,0.0034219615561005,1.17098208914298e-05,0.0034219615561005,0.000189321044275089,0.000150469140193707,0.000189318941086341,0.000188800687803481,0.000189516374545289,0.0137593983980074,0.0122665863300964,0.0137593219704439,0.0137404762582482,0.0137664946353561,-0.0061584700066586
2023-10-02,0.0106791707772118,0.000114044688488854,0.0106791707772118,0.000162718883360317,0.000130021947668469,0.000162739592636909,0.000162271962154612,0.000163568160990551,0.0127561312066126,0.0114027166793036,0.0127569429189328,0.0127386012636636,0.0127893768804641,0.0061433540935252
2023-10-03,-0.017104806289368,0.000292574398196803,0.017104806289368,0.000143412997723704,0.000126364401302147,0.000143449251209174,0.000143454620309744,0.000144428085291986,0.0119755165952749,0.01124119216552,0.0119770301497982,0.0119772542892661,0.0120178236503947,0.302753509391701
2023-10-04,0.0123860587794259,0.000153414452087393,0.0123860587794259,0.00020795870421765,0.000213141536144829,0.000207923571281252,0.000208518295469654,0.000207450929969331,0.0144207733571279,0.0145993676624993,0.0144195551693266,0.014440162584599,0.0144031569445497,0.138729361862046
2023-10-05,0.001333196831205,1.77741379073505e-06,0.001333196831205,0.000182683907141511,0.000172672524903428,0.000182679601518633,0.000183508786221534,0.000182441832089101,0.013516061080859,0.0131404918059952,0.0135159018019011,0.0135465414856167,0.0135071030235614,0.126427537761862
2023-10-06,0.0185396287007466,0.000343717832361547,0.0185396287007466,0.000156944606938975,0.000143160877617401,0.000156962451028215,0.00015764634856865,0.000157425261444382,0.012527753467361,0.0119649854833761,0.0125284656294462,0.0125557297107197,0.0125469223893504,-0.0157264974825359
2023-10-09,0.0051585169331457,2.66102969495509e-05,0.0051585169331457,0.000146012799613954,0.000125874638386889,0.000146045691081494,0.00014743953054319,0.000145561898220809,0.0120835756137807,0.0112193867206229,0.0120849365360971,0.0121424680581499,0.0120649035727937,0.0184451781937091
2023-10-10,0.0015364154047714,2.36057229601886e-06,0.0015364154047714,0.000126718114681362,0.000112310142984639,0.000126762175735601,0.000128013520486127,0.000126817432644941,0.0112569140834139,0.010597647993052,0.0112588709796143,0.0113143060099207,0.0112613246398876,-0.0731349230469956
2023-10-11,0.0092278978149283,8.51540980827585e-05,0.0092278978149283,0.000109917000079071,9.99535972087465e-05,0.000109967606807984,0.000111094255974319,0.000110459080194704,0.0104841308690359,0.00999767959122248,0.0104865440831565,0.0105401259942336,0.0105099514839367,-0.201620496588252
2023-10-12,0.0009357560019694,8.75639295221756e-07,0.0009357560019694,9.81344154143777e-05,9.47772733111891e-05,9.81883369551762e-05,9.94223248027409e-05,9.87105790708866e-05,0.00990628161392445,0.00973536200206182,0.00990900282345182,0.00997107440563658,0.00993531977698185,-0.119608422823425
2023-10-13,-0.0144241882816878,0.00020805720758558,0.0144241882816878,8.58887714442388e-05,0.000102534075785564,8.59435819511409e-05,8.72724100445676e-05,8.69189003156817e-05,0.00926761951335071,0.0101259111089108,0.00927057613911567,0.00934197035129996,0.00932303064006988,0.239877490578628
2023-10-16,0.0095609160291884,9.14111153171917e-05,0.0095609160291884,0.000136612880661736,0.00016699018964869,0.000136606813638622,0.000138186582026447,0.00013643051445319,0.0116881512935851,0.0129224684038573,0.0116878917533755,0.0117552789004109,0.0116803473601255,-0.0485315355558233
2023-10-17,-0.0046509465321968,2.16313036453534e-05,0.0046509465321968,0.000120763962458213,0.000141426109705568,0.000120774013392593,0.000122250083964875,0.000120837621239983,0.0109892657834003,0.0118922710070688,0.0109897230807966,0.0110566759907702,0.0109926166693824,0.0430485656848814
2023-10-18,-0.01032098760647,0.000106522785172907,0.01032098760647,0.000113150333572681,0.000140574221292916,0.000113162252871322,0.000114592681955669,0.000113613194943466,0.0106372145589285,0.0118564000140395,0.0106377748082633,0.0107047971468715,0.0106589490543611,0.226208768166291
2023-10-19,-0.0057405026775622,3.29533709910988e-05,0.0057405026775622,0.000130810957016973,0.000173510218291112,0.000130810869139644,0.000131887384427257,0.000130849913926873,0.0114372617796819,0.0131723277476349,0.0114372579379694,0.0114842232835859,0.0114389647226868,0.524185821776621
2023-10-20,-0.017055073406714,0.000290875528908403,0.017055073406714,0.000125146939002953,0.000173984277104425,0.000125146287961492,0.000126220882893755,0.000125392361430281,0.0111869092694521,0.0131903099699903,0.0111868801710527,0.0112348067581848,0.011197873076182,0.566558626616589
2023-10-23,0.0011583454864466,1.34176426597121e-06,0.0011583454864466,0.000189526669969356,0.000247008746564311,0.000189527808093188,0.000191099562615232,0.000189132415157729,0.0137668685607641,0.0157165119083183,0.0137669098963125,0.0138238765407982,0.0137525421343739,0.383398684844375
2023-10-24,0.0068610066335791,4.70734120260164e-05,0.0068610066335791,0.000163566591596058,0.000198364377777617,0.000163568197056784,0.000164701139003718,0.00016350757611815,0.0127893155249239,0.0140841889286397,0.0127893782904715,0.0128335941576675,0.0127870080987755,0.192037092490045
2023-10-25,-0.0118695411334661,0.000140886006719044,0.0118695411334661,0.000142754707560561,0.000171461506834707,0.000142756372327573,0.000143744857492499,0.000142959226982304,0.0119480001490024,0.0130943310953522,0.0119480698159817,0.0119893643489761,0.0119565558160494,0.358795036644007
2023-10-26,-0.0192895208703138,0.000372085615406272,0.0192895208703138,0.000164894256631111,0.000202150146200289,0.000164895784020122,0.000166079418310706,0.000164920824990019,0.0128411158639392,0.014217951547262,0.0128411753363982,0.0128871803863648,0.0128421503257834,0.425771489684344
2023-10-27,0.0057887065438079,3.35091234503244e-05,0.0057887065438079,0.000244260422452388,0.000292369553311032,0.00024426461635549,0.000246008886743196,0.000243494093010715,0.0156288330483241,0.0170988173073763,0.0156289672197331,0.0156846704378255,0.0156042972610341,0.506416665137019
2023-10-30,0.0106800497386928,0.000114063462420952,0.0106800497386928,0.000210627106934519,0.000230722505091699,0.000210631438425772,0.000211836249398746,0.000210269136463594,0.0145129978617279,0.0151895524980724,0.0145131470889595,0.0145545954735522,0.0145006598630405,0.298652814455241
2023-10-31,0.007097933220196,5.0380655998362e-05,0.007097933220196,0.000184550335867618,0.000184661867491855,0.000184553923021134,0.000185537314170116,0.000184367052413082,0.0135849304697381,0.0135890348256178,0.0135850624960334,0.0136212082492749,0.0135781829569748,0.0785871396732803
2023-11-01,0.0191437411177538,0.000366482823983577,0.0191437411177538,0.000160598697335514,0.00014999210239122,0.00016060210783648,0.000161339764845095,0.000160592751388199,0.0126727541337909,0.0122471262911436,0.0126728886934464,0.0127019590947655,0.012672519535917,-0.0950047746230569
2023-11-02,0.0167860687325411,0.000281772103493594,0.0167860687325411,0.000150135911504895,0.000122934457834683,0.000150135851016892,0.000151283986800632,0.000149802199031414,0.0122529960215816,0.0110875812436565,0.012252993553287,0.0122997555585724,0.0122393708592972,-0.260395820464865
2023-11-03,0.0102408552037379,0.000104875115303926,0.0102408552037379,0.000138601062895132,0.000102552983333965,0.000138598932458175,0.000139970094704034,0.00013807799285757,0.0117728952639158,0.0101268446879551,0.0117728047829808,0.0118308957692997,0.0117506592520407,-0.362910847493601
2023-11-06,0.006557400546159,4.29995019227663e-05,0.006557400546159,0.00012334850901441,8.92661438124721e-05,0.000123346380396323,0.000124584668358079,0.000122899585311967,0.0111062373923129,0.00944807619637311,0.0111061415620513,0.0111617502372199,0.0110860085383319,-0.365644513763309
2023-11-07,0.0108724303858629,0.000118209742495435,0.0108724303858629,0.000108620175581748,8.03507061814786e-05,0.000108618522729795,0.000109668026759716,0.000108304534347268,0.0104221003440644,0.00896385554220273,0.0104220210482322,0.0104722503197601,0.0104069464468339,-0.37657943955134
2023-11-08,0.005648211355077,3.19022915116208e-05,0.005648211355077,9.8394032390786e-05,7.32075054973146e-05,9.83920401548948e-05,9.94617022550561e-05,9.80757649916912e-05,0.00991937661301284,0.00855613846880207,0.0099192761910784,0.00997304879437858,0.00990332090723568,-0.425786735952076
2023-11-09,-0.0046758132505583,2.18632295540966e-05,0.0046758132505583,8.72018001052812e-05,7.17622437350464e-05,8.72002274505327e-05,8.81418300366904e-05,8.7015623299175e-05,0.00933819040849356,0.00847125986704731,0.00933810620257302,0.00938838804250711,0.00932821651223721,-0.310969884823156
2023-11-10,0.0257862084135183,0.000664928544345402,0.0257862084135183,8.49961531089458e-05,7.57529323658503e-05,8.49940718642691e-05,8.58710998237172e-05,8.48193884694266e-05,0.00921933582797296,0.00870361605115083,0.00921922295338762,0.0092666660576346,0.0092097442130293,-0.464058976210183
2023-11-13,-0.0058659758904942,3.44096731478592e-05,0.0058659758904942,9.57606657937852e-05,7.14053192068251e-05,9.5752285094372e-05,9.7801964814909e-05,9.48023293812614e-05,0.00978573787681773,0.00845016681532531,0.00978530965756179,0.00988948759111962,0.00973664877569595,-0.383413800757509
2023-11-14,0.0198058393160094,0.000392271271011584,0.0198058393160094,9.59211169804779e-05,7.96549297521999e-05,9.59132791422907e-05,9.76766402163418e-05,9.50528662816725e-05,0.00979393266162668,0.00892496105045842,0.00979353251601743,0.00988314930658956,0.00974950595064552,-0.465425874522336
2023-11-15,0.0012626460296082,1.59427499608535e-06,0.0012626460296082,9.6249622822775e-05,7.17340208893091e-05,9.62394579713119e-05,9.83431931774152e-05,9.50739663624054e-05,0.00981068921242412,0.00846959390344715,0.00981017114893068,0.00991681366051693,0.00975058800085438,-0.46269207789803
2023-11-16,0.0049800647226187,2.48010446414713e-05,0.0049800647226187,8.46696498985305e-05,6.71292432005507e-05,8.46612548277096e-05,8.62982182947369e-05,8.3755874153602e-05,0.00920161126643212,0.00819324375327323,0.00920115508116832,0.00928968343350498,0.00915182354252976,-0.443556022946274
2023-11-17,-0.002076378670488,4.31134838325751e-06,0.002076378670488,7.54001586220714e-05,6.21730967552707e-05,7.53931455225431e-05,7.66733071488601e-05,7.46632363307791e-05,0.00868332647215751,0.00788499186779991,0.00868292263713913,0.00875632954775345,0.00864078910347771,-0.514633040568474
2023-11-20,0.0143924545648762,0.000207142748402026,0.0143924545648762,6.93895544825336e-05,6.02557225909386e-05,6.93830698635838e-05,7.03423097893213e-05,6.87801325887277e-05,0.00833003928457325,0.0077624559638647,0.00832965004448469,0.00838703223967342,0.00829337884029952,-0.567940901551071
2023-11-21,-0.0081212073669565,6.59540090971085e-05,0.0081212073669565,6.79581140044012e-05,5.60125788625203e-05,6.79509466177423e-05,6.90093234956183e-05,6.72183208428896e-05,0.00824367114848726,0.00748415518696134,0.00824323641646546,0.00830718505244817,0.00819867799360907,-0.576142030714795
2023-11-22,0.0044478866906881,1.97836960132003e-05,0.0044478866906881,8.13008757093609e-05,7.47528590366482e-05,8.1294005930631e-05,8.21804413087723e-05,8.04631490303749e-05,0.0090166998236251,0.00864597357367279,0.00901631886806534,0.00906534286768969,0.00897012536313595,-0.644485382067286
2023-11-24,-0.001950274509274,3.80357066152394e-06,0.001950274509274,7.24185127486072e-05,6.2033557539363e-05,7.24128005243951e-05,7.29830124829834e-05,7.17058579426304e-05,0.00850990674147533,0.00787613849163174,0.00850957111283495,0.00854300956823667,0.00846793114890706,-0.697793243049884
2023-11-27,-5.43593214292486e-05,2.95493582624837e-09,5.43593214292486e-05,6.66793082583753e-05,5.72193780988148e-05,6.66739277426048e-05,6.70026169222388e-05,6.60674613899204e-05,0.00816573990881263,0.00756434915236035,0.00816541044544638,0.00818551262427948,0.00812818930573842,-0.666355363997945
2023-11-28,0.001896375656403,3.59624063019791e-06,0.001896375656403,5.99387526002869e-05,5.19071571621367e-05,5.9933988718296e-05,6.0063384805868e-05,5.94318335089436e-05,0.00774201218032411,0.00720466218237446,0.00774170450987998,0.00775005708403932,0.00770920446667123,-0.666355363997945
2023-11-29,0.0007573936248171,5.73645102913586e-07,0.0007573936248171,5.39800497459826e-05,4.91977237048548e-05,5.397606483384e-05,5.39774934225967e-05,5.35714989515534e-05,0.00734711166010036,0.00701410890312196,0.00734684046606703,0.00734693769012618,0.00731925535499025,-0.626716225427684
2023-11-30,0.0014593506353919,2.12970427701874e-06,0.0014593506353919,4.89306916025733e-05,4.72461930603465e-05,4.89272464032852e-05,4.88265496270553e-05,4.86015740870624e-05,0.00699504764834188,0.00687358662274263,0.00699480138411987,0.00698759970426578,0.00697148291879586,-0.634917354591409
2023-12-01,0.0022657742815822,5.13373309507934e-06,0.0022657742815822,4.46495158390305e-05,4.48496600877821e-05,4.46465860002549e-05,4.44751439375493e-05,4.43759999881316e-05,0.00668202932042583,0.00669698888216055,0.00668181008412053,0.00666896873118695,0.00666153135458594,-0.674556493161669
2023-12-04,-0.01225287925959,0.000150133050150091,0.01225287925959,4.10740528547126e-05,4.50025799198176e-05,4.10715516596796e-05,4.08657705536048e-05,4.08587689852927e-05,0.0064089041851718,0.00670839622561292,0.00640870904782544,0.00639263408569619,0.00639208643443537,-0.613047503015347
2023-12-05,0.0059825327281684,3.5790697843606e-05,0.0059825327281684,8.1356509368468e-05,9.32733251951219e-05,8.1354108864008e-05,8.14218960718409e-05,8.06980709632132e-05,0.00901978433048529,0.00965781161522226,0.00901965126066457,0.00902340822925799,0.00898321050422471,-0.644485382067286
2023-12-06,-0.0084949295354612,7.2163827812451e-05,0.0084949295354612,7.28984053064975e-05,7.59713627219761e-05,7.28963698515609e-05,7.28324992764656e-05,7.23355991579254e-05,0.00853805629558025,0.00871615527179135,0.00853793709578379,0.00853419587755434,0.00850503375407325,-0.62808299338524
2023-12-07,0.0120673111781662,0.000145619999070695,0.0120673111781662,8.71957738663281e-05,9.04197077303412e-05,8.71932992591399e-05,8.71220252328563e-05,8.64977591285097e-05,0.00933786773660497,0.00950892779078384,0.00933773523179683,0.00933391800011422,0.00930041714809125,-0.615781169285056
2023-12-08,0.0085007060077083,7.2262002629488e-05,0.0085007060077083,8.11114421367519e-05,7.17714554230774e-05,8.11083737018849e-05,8.1090208059615e-05,8.03543385804305e-05,0.00900618910176507,0.00847180355196444,0.00900601874869717,0.00900501016432602,0.00896405815356139,-0.712828733419776
2023-12-11,0.0086944536650662,7.55935245339831e-05,0.0086944536650662,7.37442485404332e-05,6.07459460848627e-05,7.3741344906532e-05,7.36305497585327e-05,7.30407160217959e-05,0.00858744714920757,0.00779396857094399,0.00858727808484924,0.00858082453838398,0.00854638613811685,-0.674556493161669
2023-12-12,0.0066167308986593,4.37811277852727e-05,0.0066167308986593,6.76113974270715e-05,5.14764827965879e-05,6.76085695683442e-05,6.74472685216725e-05,6.69272348979603e-05,0.00822261499932178,0.00717471133890332,0.00822244304135603,0.00821262860000819,0.00818090672834988,-0.751101104032481
2023-12-13,0.0087723058990296,7.69533507861495e-05,0.0087723058990296,6.14972024362712e-05,4.59233519919538e-05,6.14946792101152e-05,6.12521507001355e-05,6.08711892135138e-05,0.00784201520250192,0.00677667706121177,0.00784185432216865,0.0078263753232346,0.00780199905239124,-0.734698715350435
2023-12-14,-0.002461235065501,6.05767804765171e-06,0.002461235065501,5.72926095810899e-05,4.34237987048944e-05,5.72900323910416e-05,5.70263342519593e-05,5.66807114215584e-05,0.00756918817186426,0.00658967364175908,0.00756901792777911,0.00755157826232101,0.00752865933759513,-0.695059576780175
2023-12-15,0.005020448433809,2.52049024765352e-05,0.005020448433809,5.46961569817827e-05,4.45319899315317e-05,5.46932756071234e-05,5.42207046820357e-05,5.41403466356903e-05,0.00739568502451144,0.0066732293480392,0.00739549022087944,0.00736347096701248,0.00735801241067792,-0.722396891250251
2023-12-18,0.0029860493361926,8.91649063817627e-06,0.0029860493361926,5.00579182736833e-05,4.2825113171568e-05,5.00554174865657e-05,4.945796840317e-05,4.95697292949986e-05,0.00707516206695531,0.00654408994219731,0.00707498533472443,0.00703263594985337,0.00704057734102812,-0.684124520637546
2023-12-19,0.0037978949030121,1.44240056943253e-05,0.0037978949030121,4.5726567232264e-05,4.16049952619949e-05,4.57244444064711e-05,4.50102266168676e-05,4.53103271478903e-05,0.00676214220733815,0.00645019342826204,0.00676198524151533,0.0067089661362141,0.00673129461158032,-0.688225215574006
2023-12-20,-0.0152260813173513,0.000231833552282594,0.0152260813173513,4.21924074325852e-05,4.51366332427013e-05,4.21905680154833e-05,4.14578633977344e-05,4.1867413233533e-05,0.00649556829173439,0.00671838025439922,0.00649542670003159,0.00643877809819025,0.00647050332149927,-0.532402327562673
2023-12-21,0.0111675589744681,0.000124714373448223,0.0111675589744681,0.000103907047885792,0.000120667767530356,0.00010390607230248,0.000103578114688093,0.000102943385320658,0.0101934806560758,0.0109848881437344,0.0101934328026666,0.010177333378056,0.0101461019766538,-0.53513612418698
2023-12-22,0.0013026194541615,1.69681744236e-06,0.0013026194541615,9.46057980977483e-05,9.39549088460251e-05,9.46042738873056e-05,9.41533217307557e-05,9.36814310169946e-05,0.00972655119236764,0.0096930340371849,0.00972647283897434,0.00970326345776284,0.00967891683077164,-0.619881864221516
2023-12-26,0.0041568237595036,1.72791837675736e-05,0.0041568237595036,8.32799332526576e-05,7.64888471148954e-05,8.32788280168524e-05,8.2520158784782e-05,8.25340217002204e-05,0.00912578398016618,0.00874579025102337,0.0091257234243019,0.00908406069909168,0.00908482370220911,-0.625349327115531
2023-12-27,-5.18658208085092e-05,2.69006336814039e-09,5.18658208085092e-05,7.4028258854413e-05,6.30449802786473e-05,7.40274397972529e-05,7.31023791310524e-05,7.33959296116431e-05,0.00860396762281292,0.00794008691883453,0.00860392002503817,0.00854999293163757,0.00856714244142369,-0.701893807631746
2023-12-28,0.0011921537514683,1.42123056713994e-06,0.0011921537514683,6.61535394773873e-05,5.48472830888075e-05,6.61526619557593e-05,6.50752531494881e-05,6.56251120273717e-05,0.00813348261677538,0.00740589515783254,0.0081334286715849,0.00806692340049713,0.00810093278748637,-0.69642634473773
2023-12-29,-0.0030607155691628,9.36797979531556e-06,0.0030607155691628,5.92119182383887e-05,4.90938073715849e-05,5.92112265404266e-05,5.80471410048187e-05,5.8771248442009e-05,0.00769492808532924,0.00700669732267528,0.00769488314014103,0.00761886743583446,0.00766624082859448,-0.699160141362037
